Dia;Humedad Volumetrica del Suelo;Temperatura;Promedio Radiacion Solar;pH
354;0,7;27,08;20,77;4,83
355;0,69;26,71;21,78;7,2
356;0,69;26,82;21,64;6,83
357;0,68;26,4;21,81;5,67
358;0,67;26,78;21,64;7,62
359;0,67;26,66;22,39;7,6
360;0,66;26,13;20,94;6,46
361;0,66;26,25;22,41;4,89
362;0,65;27,13;18,26;8,17
363;0,65;28,08;19,06;7,17
364;0,65;27,62;12,35;5,49
365;0,65;26,9;14,12;6,94
1;0,64;26,56;16,35;6,12
2;0,64;27,83;17,07;7,04
3;0,63;28,64;21,02;6,4
4;0,63;28,1;20,16;6,44
5;0,62;29,24;22,22;7,44
6;0,62;29,05;22,12;6,95
7;0,62;28,72;22,28;4,82
8;0,62;28,92;22;4,76
9;0,62;28,73;22,43;5,72
10;0,61;29,41;21,64;6,22
11;0,61;29,47;22,44;5,6
12;0,61;28,96;23,98;7,11
13;0,61;29,2;22,02;5,28
14;0,61;30,06;22,93;7,32
15;0,6;30,23;23,46;7,59
16;0,6;30,72;23,22;5
17;0,6;30,71;24,44;7,1
18;0,6;30,67;24,05;8,35
19;0,6;30,39;23,09;5,27
20;0,59;30,34;21,24;8,14
21;0,59;30,15;18,35;6,92
22;0,59;30,61;21,82;6,86
23;0,59;31;23,46;4,71
24;0,59;31,08;23,53;7,49
25;0,59;31,18;23,7;6,41
26;0,59;30,77;25;7,38
27;0,59;30,3;23,84;7,74
28;0,59;31,15;23,38;6,6
29;0,59;30,75;24,25;5,55
30;0,59;30,53;24,41;5,07
31;0,59;30,11;25,07;5,14
32;0,59;30,46;24,94;7,97
33;0,59;30,79;22,69;4,99
34;0,59;31,2;20,24;6,04
35;0,59;31,96;20,89;5,84
36;0,59;31,35;22,62;7,96
37;0,59;30,79;18,22;6,41
38;0,59;30,47;17,22;8,49
39;0,59;30,7;13,01;7,45
40;0,59;31,62;20,22;7,9
41;0,59;31,33;21,76;4,89
42;0,59;30,24;21,2;5,51
43;0,59;31,23;21,44;5,04
44;0,59;31,46;21,92;6,35
45;0,59;30,85;20,72;7,37
46;0,59;30,26;13,59;5,18
47;0,59;31,04;14,42;5,02
48;0,59;32,1;22,36;6,96
49;0,59;31,38;22;5,42
50;0,59;31,92;23,04;6,42
51;0,59;32,09;20,24;4,7
52;0,59;30,48;15,54;7,22
53;0,59;31,38;19,86;6,67
54;0,59;32,89;16,75;7,09
55;0,59;32,1;21,51;5,6
56;0,6;31,14;14,98;5,61
57;0,6;30,55;15,65;7,71
58;0,6;30,78;23,75;7,37
59;0,6;31,69;23,25;6,82
60;0,6;32,1;22,68;7,01
61;0,59;31,26;16,98;4,88
62;0,6;31;16,89;7,92
63;0,59;32,18;17,12;7,58
64;0,59;32,39;22,58;6,86
65;0,59;32,63;23,56;8,17
66;0,59;32,43;22,58;5,17
67;0,59;31,68;20;7,25
68;0,59;30,06;20,22;8,35
69;0,59;30,84;16,87;5,74
70;0,59;32,09;24,95;4,56
71;0,59;31,86;23,36;7,44
72;0,59;31,62;23,48;4,53
73;0,59;31,29;20;7,99
74;0,59;30,48;16,75;4,73
75;0,6;27,05;9,32;7,11
76;0,6;28,4;12,9;6,01
77;0,6;26,79;6,21;5,31
78;0,6;29,47;13,06;8,09
79;0,61;29,38;19,18;7,48
80;0,61;30,58;20,83;5,86
81;0,6;29,78;19,41;5,64
82;0,6;30,77;22,26;7,44
83;0,6;31,2;22,67;7,85
84;0,6;31,75;22,92;7,36
85;0,59;32,7;23,61;7,06
86;0,59;32,54;23,28;5,41
87;0,6;30,23;22,46;7,91
88;0,6;31,35;17,63;7,5
89;0,61;30,68;16,4;6,57
90;0,63;27,91;8,48;6,55
91;0,65;28,21;10,3;6,78
92;0,65;26,98;17,22;7,81
93;0,67;27,4;7,19;7,47
94;0,68;27,34;13,73;7,92
95;0,68;27,27;12,84;6,53
96;0,68;27,97;15,57;7
97;0,69;26,51;9,46;7,92
98;0,68;29,52;22,54;5,43
99;0,68;28,09;11,65;6,28
100;0,68;28,66;12,42;6,98
101;0,68;28,83;12,69;8,16
102;0,68;28,86;19,48;4,56
103;0,69;27,38;13,84;5,35
104;0,69;27,14;11,92;5,44
105;0,69;26,29;14,12;5,81
106;0,69;27,8;19,82;5,63
107;0,69;27,27;11,67;6,86
108;0,7;27,95;16,22;8,04
109;0,7;28,93;25,78;7,05
110;0,7;28,8;20,28;5,47
111;0,75;26,75;7,59;7,96
112;0,76;27,79;23,96;7,03
113;0,8;26,05;8,27;5,38
114;0,8;27,28;16,99;5,95
115;0,8;27,16;6,76;7,66
116;0,81;26,89;22,46;7,46
117;0,8;27,03;22,05;6,81
118;0,81;27,09;22,49;5,08
119;0,83;24,96;18,09;7,71
120;0,83;24,45;19,39;5,73
121;0,83;25,68;13,58;7,59
122;0,84;24,85;17,41;7,09
123;0,84;25,15;17,35;5,56
124;0,84;25,54;16,32;5,35
125;0,84;25,7;5,38;5,02
126;0,86;25,55;24,69;5,47
127;0,87;24,88;8,23;5,13
128;0,86;26,58;18,98;6,97
129;0,86;26,31;16,26;6,9
130;0,88;24,65;11,75;6,84
131;0,9;24,61;16,52;7,07
132;0,89;25,01;16,66;7,76
133;0,89;25,15;20,23;8,15
134;0,9;25,06;13,13;5,42
135;0,91;26,08;15,87;6,85
136;0,9;26,48;15,63;4,81
137;0,9;25,31;13,07;4,98
138;0,91;24,88;10,69;7,12
139;0,92;25,28;16;6,45
140;0,94;25,74;17,44;7,53
141;0,94;25,59;16,69;6,2
142;0,92;26,39;20,01;5,01
143;0,91;26,79;18;7,99
144;0,91;26,91;17,34;4,83
145;0,9;26,17;16,24;5,26
146;0,9;25,97;15,21;5,61
147;0,89;24,87;15,02;8,48
148;0,91;25,86;13,1;6,17
149;0,92;26,35;15,64;6,51
150;0,93;24,95;17,69;7,58
151;0,93;25,58;11,7;7,05
152;0,94;24,65;12,3;7,87
153;0,94;25,36;15,05;6,45
154;0,94;24,89;21,46;8,39
155;0,94;25,1;9,01;7,69
156;0,93;25,71;23,93;6,11
157;0,92;25,9;19,08;6,03
158;0,92;25,59;17,37;8,22
159;0,91;24,77;14,52;7,24
160;0,91;25,53;22,57;6,99
161;0,91;25,54;18,67;7,53
162;0,92;25,64;17,81;6,74
163;0,93;24,25;22,85;5,14
164;0,92;25,58;22,84;5,78
165;0,92;24,35;12,37;6,73
166;0,92;24,35;7,93;4,57
167;0,92;24,9;14,59;6,25
168;0,91;25,55;20,48;7,52
169;0,9;24,67;17,77;5,16
170;0,9;25,03;16,15;4,76
171;0,92;23,24;12,06;7,84
172;0,93;24,22;8,79;6,97
173;0,93;23,99;16,55;5,21
174;0,93;23,87;12,5;7,73
175;0,93;24,08;15,94;7,13
176;0,93;24,11;7,75;5,84
177;0,93;24,44;9,16;6
178;0,93;23,94;15,29;5,12
179;0,93;25,34;20,67;7,84
180;0,93;25,56;20,98;6,54
181;0,93;25,32;18,69;6,73
182;0,92;24,04;10,83;8,03
183;0,93;24,05;17,86;4,56
184;0,93;24,58;14,5;4,77
185;0,93;24,73;13,73;5,15
186;0,93;24,11;7,06;4,62
187;0,93;24,9;15,53;7,13
188;0,94;23,92;11,03;7,04
189;0,94;23,23;12,83;5,34
190;0,93;25,2;19,24;5,1
191;0,93;25,43;16,89;5,08
192;0,93;24,73;17,12;8,31
193;0,93;24,52;10,04;7,27
194;0,94;23,82;17,58;6,84
195;0,93;24,6;10,77;5,79
196;0,93;24,34;20,28;6,23
197;0,93;23,68;15,29;4,86
198;0,92;23,96;10,92;8,49
199;0,92;23,83;18,66;7,52
200;0,92;24,69;19,29;6,99
201;0,92;24,36;16,11;6,85
202;0,91;25,4;14,29;6,52
203;0,91;24,77;15,26;5,53
204;0,91;25,38;16,03;5,41
205;0,9;24,94;17,76;6,7
206;0,9;25,17;10,21;4,78
207;0,92;24,62;18,45;4,8
208;0,92;25,08;21,35;6,74
209;0,92;24,54;6,28;8,18
210;0,92;24,79;15,22;8,16
211;0,92;25,1;14,99;4,54
212;0,91;25,3;17,86;4,93
213;0,9;24,67;19,83;6,83
214;0,9;25,36;11,39;7,89
215;0,89;25,24;12,28;8,32
216;0,9;24,57;15,81;7,94
217;0,91;24,05;15,73;7,21
218;0,9;24,73;7,85;5,3
219;0,9;25,73;23,11;4,79
220;0,89;25,99;22,88;4,69
221;0,9;25,54;21,01;6,95
222;0,9;24,5;7,86;4,64
223;0,9;25,27;18,62;7,46
224;0,89;25,77;21,02;7,35
225;0,89;24,81;15,26;4,82
226;0,9;24,27;17,54;8,13
227;0,9;25,17;21,11;6,59
228;0,9;24,77;17,31;8,12
229;0,9;24,84;18,97;8,11
230;0,9;24,81;15,72;5,29
231;0,92;24,91;9,09;6,02
232;0,92;25,07;21,46;5,04
233;0,91;25,74;25,12;7,6
234;0,9;25,66;18,3;6,52
235;0,91;25,57;22,11;8,22
236;0,92;25,54;21,59;5,33
237;0,91;24,51;19,95;7,25
238;0,91;25,37;16,98;8,46
239;0,92;25,08;18,63;7,16
240;0,91;25,26;17,92;4,78
241;0,9;25,71;23,78;6,85
242;0,9;25,62;23,92;5,22
243;0,89;25,34;21,91;4,62
244;0,89;25,26;23,68;5,84
245;0,91;25,16;17,09;5,56
246;0,91;23,83;12,83;7,66
247;0,9;24,91;21,51;5,99
248;0,89;26;18,19;7,43
249;0,89;25,94;19,94;4,56
250;0,9;25,98;17,05;4,56
251;0,9;24,94;18,92;4,62
252;0,91;25,22;18,82;5,38
253;0,9;24,69;21,2;6
254;0,9;25,57;19,76;6,93
255;0,9;25,66;16,7;8,44
256;0,9;25,67;21,76;5,92
257;0,89;25,51;20,19;4,72
258;0,9;25,29;16,37;5,28
259;0,92;25,51;19,42;8,09
260;0,91;25,94;24,55;7,3
261;0,9;24,93;23,57;7,66
262;0,9;25,81;20,07;5
263;0,89;25,31;18,25;5,04
264;0,88;25,78;24,24;4,95
265;0,88;25,22;18,53;7,93
266;0,86;26,22;19,97;5,34
267;0,85;26,11;21,24;7,07
268;0,85;26,38;22,41;6,56
269;0,85;26,73;17,82;6,68
270;0,84;26,74;24,15;5,28
271;0,83;26,33;22,98;7,04
272;0,82;26,61;21,3;4,67
273;0,82;25,98;24,5;8,47
274;0,81;26,39;22,12;4,61
275;0,84;25,36;12,11;4,7
276;0,85;25,4;9,69;5,8
277;0,87;24,51;12,05;7,83
278;0,86;25,92;24,86;5,53
279;0,86;25,69;24,11;6,39
280;0,86;26,56;23,83;4,57
281;0,85;25,94;20,19;4,82
282;0,85;26,48;21,24;6,93
283;0,84;26,69;10,73;5,28
284;0,84;26,68;22,72;7,28
285;0,83;26,77;20,09;7,64
286;0,82;26,85;16,57;7,9
287;0,82;26,41;14,24;5,04
288;0,81;26,47;20,54;6,32
289;0,82;26,34;19,55;8,29
290;0,83;26,87;21,23;7,59
291;0,82;27,18;21,24;4,97
292;0,82;26,64;19,19;6,51
293;0,81;27,08;21,18;8,19
294;0,82;26,55;23,45;6,26
295;0,8;27,46;22,49;7,85
296;0,79;26,67;22,2;6,48
297;0,79;26,19;20,11;4,93
298;0,79;26,25;19,76;5,09
299;0,8;26,22;20,13;4,69
300;0,8;26,5;22,66;5,28
301;0,79;26,47;17,01;8,07
302;0,79;25,05;14,68;7,1
303;0,8;25,09;11,37;7,46
304;0,81;26,28;23,32;6,99
305;0,8;26,83;23,01;6,05
306;0,8;26,27;18,72;5,37
307;0,8;26,34;17,34;8,2
308;0,79;26,23;22,44;6,56
309;0,81;25,62;11,85;6,42
310;0,83;26,06;19;8,48
311;0,82;26,12;18,85;6,04
312;0,81;26,6;19,99;7,92
313;0,81;25,85;17,37;7,95
314;0,8;25,88;21,98;5,43
315;0,8;25,44;17,95;4,88
316;0,82;25,26;5,69;8,4
317;0,82;26,51;21,71;6,2
318;0,81;25,86;21,48;4,51
319;0,82;24,89;21,49;6,5
320;0,83;26,33;23,57;6,98
321;0,82;25,78;22,69;7,6
322;0,81;26,15;21,63;8,27
323;0,81;24,76;18,21;8,16
324;0,81;24,67;17,29;8,26
325;0,82;25,37;15,35;4,63
326;0,82;25,91;19,66;7,35
327;0,82;25,41;16,53;5,4
328;0,81;25,92;18,79;5,25
329;0,82;25,03;17,85;7,7
330;0,85;25,18;10,02;6,17
331;0,84;25,75;19,01;8,17
332;0,85;25,26;13,88;4,67
333;0,85;25,52;17,55;7,71
334;0,86;24,77;6,94;5,05
335;0,86;24,89;19,46;5,21
336;0,86;24,98;8,4;6,41
337;0,88;24,26;11,19;6,08
338;0,89;25,31;13,99;6,44
339;0,88;25,44;20,28;8,26
340;0,87;25,56;20,94;7,13
341;0,87;25,05;18,97;5,66
342;0,86;25,23;17,21;5,19
343;0,86;25,4;21,58;6,18
344;0,85;25,19;20,04;6,31
345;0,85;25,33;19,64;6,91
346;0,84;25,5;21,57;5,56
347;0,83;25,32;18,07;7,57
348;0,82;25,9;21,77;4,89
349;0,81;25,92;22,01;6,74
350;0,8;25,18;19,58;6,99
351;0,79;25,06;18,67;5,33
352;0,79;25,27;22,68;7,8
353;0,78;25,12;21,8;6,96
354;0,77;24,89;23,49;7,08
355;0,76;24,57;21,45;6,49
356;0,76;25,47;13,42;8,14
357;0,75;25,54;15,94;7,28
358;0,75;25,56;19,12;6,03
359;0,75;25,44;10,96;5,45
360;0,74;25,88;18,53;4,78
361;0,74;25,93;15,55;5,16
362;0,73;25,93;19,6;8,47
363;0,72;26,14;21,89;6,13
364;0,72;26,65;19,43;8,09
365;0,72;25,53;14,41;5,18
366;0,74;25,1;9,6;6,2
1;0,73;25,92;16,61;8,34
2;0,72;25,56;22,68;4,86
3;0,72;26,41;23,14;6,88
4;0,71;26,32;19,01;8,18
5;0,71;24,97;17,38;8,3
6;0,71;25,61;14,67;7,88
7;0,71;24,77;14,06;7,92
8;0,71;25,35;14,4;7,11
9;0,71;25,75;17,27;5,38
10;0,7;26,08;16,64;7,42
11;0,7;25,31;21,81;8,41
12;0,69;25,74;22,48;6,6
13;0,69;26,04;20,48;5,54
14;0,68;25,52;19,02;6,79
15;0,68;24,72;22,78;7,26
16;0,67;26,03;23,04;5,33
17;0,67;25,79;21,44;7,38
18;0,66;25,63;19,17;6,85
19;0,66;27,16;21,58;6,95
20;0,66;27,69;21,8;5,72
21;0,65;27,25;21,78;5,12
22;0,65;26,63;20,47;6,99
23;0,64;26,21;22,43;6,84
24;0,64;27,78;22,32;5,85
25;0,64;28,02;18,6;5,68
26;0,64;27,71;16,92;5,89
27;0,63;27,71;19,97;6,46
28;0,63;27,2;18,56;8,4
29;0,63;27,31;17,95;7,55
30;0,63;26,45;12,96;7,91
31;0,63;26,88;14,48;6,52
32;0,63;27,63;20,38;6,6
33;0,62;28,28;21,65;5,32
34;0,62;28,74;20,59;7,38
35;0,62;29,8;21,95;6,19
36;0,61;30;23,6;7,47
37;0,61;29,71;21,06;6,14
38;0,61;30,23;23,15;4,93
39;0,6;30,55;22,43;5,19
40;0,6;29,19;20,78;7,75
41;0,6;29,59;21,9;5,53
42;0,6;28,95;21,61;5,56
43;0,6;29,3;21,01;8,22
44;0,6;29,06;19,68;7,13
45;0,6;29,49;23,41;4,96
46;0,6;29,62;22,97;5,07
47;0,59;28,97;20,03;5,59
48;0,59;29,36;20,91;6,88
49;0,59;29,53;25,24;7,51
50;0,59;30,07;23,91;5,6
51;0,59;29,89;23,02;7,98
52;0,59;30,03;20,47;4,94
53;0,6;26,63;19,57;5,33
54;0,6;27,82;12,2;8,38
55;0,61;28,08;16,52;5,04
56;0,61;29,17;22,7;8,05
57;0,61;28,69;17,97;7,32
58;0,61;27,52;16,09;4,79
59;0,61;28,92;22,89;6,43
60;0,6;29,98;22,84;6,58
61;0,6;30,17;22,46;8,23
62;0,6;28,09;19,17;6,18
63;0,6;28,85;16,26;6,29
64;0,6;28,62;17,11;4,95
65;0,6;29,14;19,15;7,06
66;0,6;28,31;18,06;5,34
67;0,61;26,61;12,23;4,81
68;0,61;28,52;20,92;8,49
69;0,61;28,44;14,89;5,58
70;0,63;27,01;15,61;5,06
71;0,67;25,51;6,55;7,3
72;0,7;26,34;18,33;7,79
73;0,69;27,21;23,15;4,76
74;0,69;26,53;22,84;4,92
75;0,69;27,38;24,04;4,86
76;0,68;27,69;25,21;4,69
77;0,67;27,05;20,1;7,14
78;0,67;26,98;13,52;6,85
79;0,67;27,75;16,09;7,15
80;0,68;26,52;14,18;6,52
81;0,7;26,07;15,49;7,77
82;0,72;27,24;8,96;6,69
83;0,73;26,41;12,58;8,17
84;0,73;26,47;18,85;6,44
85;0,74;24,93;20,69;7,66
86;0,76;26,45;13,09;6,13
87;0,76;26,98;16,82;6,24
88;0,77;25,88;14,6;7,9
89;0,8;25,71;23,54;4,93
90;0,81;26,6;20,67;6,76
91;0,8;26,28;21,22;7,41
92;0,79;26,38;22,4;7,5
93;0,78;27,31;25,85;6,87
94;0,77;27,25;26,38;6,29
95;0,76;27,42;26,2;5,54
96;0,75;27,4;25,38;8,14
97;0,74;27,47;23,61;5,98
98;0,74;28,09;24,17;7,7
99;0,73;27,23;21,71;4,63
100;0,73;26,82;17,18;5,43
101;0,72;26,88;16,64;5,88
102;0,73;25,89;9,7;7,19
103;0,74;26;20,57;5,78
104;0,76;25,45;15,41;4,67
105;0,76;26,53;21,18;5,2
106;0,75;26,67;10,9;5,54
107;0,75;26,34;22,27;5,2
108;0,75;27,68;15;5,31
109;0,77;26,79;15,64;7,58
110;0,76;26,85;18,5;6,15
111;0,78;26,94;14,92;6,12
112;0,78;26,23;22,39;8,37
113;0,77;25,98;21,04;6,29
114;0,78;26,57;21,08;8,21
115;0,79;26,52;20,58;5,7
116;0,78;27,97;21,41;6,1
117;0,77;28,07;23,79;6,09
118;0,77;27,07;14,34;6,68
119;0,78;26,73;19,83;6,84
120;0,78;26,05;12,08;5,49
121;0,78;26,36;17,4;7,67
122;0,78;26,57;10,72;6,49
123;0,79;25,24;10,48;4,53
124;0,8;25,83;23,28;6,87
125;0,81;26,35;16,87;7,69
126;0,81;26,31;23,54;5,5
127;0,81;26,24;11,21;4,65
128;0,81;26,22;15,73;7,73
129;0,82;26,14;17,6;8,41
130;0,82;26,72;7,16;4,81
131;0,83;25,07;18,49;8,25
132;0,82;26,08;12,98;5,94
133;0,82;26,62;23,61;8,27
134;0,86;25,78;17,28;7,1
135;0,88;25,43;7,46;8,06
136;0,89;25,5;19,01;7,64
137;0,89;25,91;19,37;4,61
138;0,89;26,06;24,08;4,76
139;0,88;25,84;21,44;6,6
140;0,87;26,3;17,72;5,02
141;0,86;25,26;20,68;6,34
142;0,87;25,18;10,29;8,32
143;0,87;25,13;18,39;5,68
144;0,89;24,29;6,15;6,46
145;0,89;25,67;20,08;6,04
146;0,89;25,62;22,13;7,02
147;0,9;25,74;17,87;5,28
148;0,91;25,91;19,95;5,54
149;0,9;26,35;19,67;7,94
150;0,89;25,91;19,07;7,75
151;0,89;24,59;19,93;7,66
152;0,9;24,07;11,47;7,58
153;0,9;24,61;23,01;6,34
154;0,88;25,6;8,76;7,42
155;0,88;25,92;15,57;6,05
156;0,89;26,1;16;4,9
157;0,9;24,17;18,83;6,07
158;0,91;24,44;10,03;5,13
159;0,93;23,75;8,32;6,06
160;0,93;24,64;12,67;5,69
161;0,94;24,73;20,89;6,9
162;0,95;24,48;10,71;5,95
163;0,95;24,84;17,24;7,32
164;0,95;24,46;9,59;6,55
165;0,95;24,36;19,98;8,18
166;0,95;25,55;7,64;4,86
167;0,95;25,2;17,55;7,25
168;0,94;24,37;9,7;7,19
169;0,94;24,5;15,23;8,3
170;0,95;24,58;14,45;5,99
171;0,95;24,01;7,52;5,72
172;0,94;24,61;17,58;5,19
173;0,94;24,63;17,76;5,56
174;0,94;25,2;18,04;6,51
175;0,95;23,69;9,24;7,85
176;0,95;24,64;18,31;5,64
177;0,95;23,62;11,59;5,13
178;0,95;24,88;16,49;5,59
179;0,94;24,8;23,25;4,9
180;0,94;24,01;12,99;8,21
181;0,94;24,14;13,26;7,99
182;0,95;24,17;17,24;5,73
183;0,95;23,75;17,71;5,49
184;0,94;24,09;17,15;8,12
185;0,94;25,06;20,86;4,51
186;0,93;24,88;13,33;6,9
187;0,93;25,11;19,85;8,16
188;0,94;25,37;16,58;6,53
189;0,93;25,18;15,72;4,51
190;0,93;25,38;18,43;5,38
191;0,93;24,71;15,33;8,19
192;0,95;24,61;11,45;4,57
193;0,95;23,56;10,99;6,08
194;0,94;24,27;19,35;7,66
195;0,93;24,93;15,61;7,85
196;0,93;24,85;18,81;6,41
197;0,92;24,49;13,42;5,43
198;0,93;24,78;14,71;6,9
199;0,94;24,4;10,5;5,56
200;0,95;23,76;15,85;5,52
201;0,94;23,65;10,69;7,73
202;0,94;24;16,54;5,12
203;0,93;24,4;13,06;4,52
204;0,92;25,03;18,26;5,85
205;0,92;25,56;13,62;6,46
206;0,93;24,65;14,94;7,32
207;0,93;24,14;17,95;7,62
208;0,92;24,78;13,61;7,15
209;0,92;24,99;14,96;7,01
210;0,91;25,06;11,88;7,16
211;0,9;24,38;12,67;5,59
212;0,9;24,62;13,14;6,03
213;0,89;25,26;20,17;6,97
214;0,88;25,99;21,54;4,76
215;0,89;25,22;13,02;5,68
216;0,91;24,67;19,58;6,13
217;0,91;25,15;12,76;6,63
218;0,9;25,75;18,73;6,45
219;0,89;26,44;18,62;7,37
220;0,9;25,3;16,69;6,39
221;0,9;25,15;19,66;8,12
222;0,91;24,98;12,44;6,02
223;0,91;24,58;23,08;6,6
224;0,92;24,32;13,23;4,51
225;0,91;25,31;17,8;5,74
226;0,91;25,92;23,03;7,97
227;0,9;25,01;15,28;5,83
228;0,9;25,38;20,37;5,51
229;0,9;25,28;22,69;6,67
230;0,9;25,64;24,01;4,81
231;0,9;25,46;11,05;6,63
232;0,91;25,81;16,95;5,71
233;0,9;25,29;21,23;6,03
234;0,9;25,17;17,36;7,67
235;0,89;25,67;22,43;7,15
236;0,89;25,41;12,52;6,28
237;0,89;25,17;16,8;6,81
238;0,89;25,35;24,97;7,57
239;0,89;25,52;15,15;7,48
240;0,89;25,38;17,57;5,24
241;0,89;25,17;17,5;5,7
242;0,89;25,53;22,78;5,89
243;0,88;25,83;18,87;5,25
244;0,88;26,18;21,71;4,55
245;0,88;25,83;17,42;5,2
246;0,88;25,41;18,39;7,73
247;0,88;26,52;24,05;6,68
248;0,88;25,64;22,77;5,87
249;0,88;25,46;24,82;6,93
250;0,89;25,08;21,07;7,46
251;0,91;25,53;8,67;5,92
252;0,92;25,39;19,31;6,36
253;0,92;25,05;16,36;4,76
254;0,91;26,16;23,22;6,89
255;0,92;24,71;17,75;5,93
256;0,92;25,87;21,39;6,23
257;0,91;26,09;16,32;6,19
258;0,92;25,55;17,89;7,03
259;0,92;24,93;6,63;6,79
260;0,92;24,88;17,38;6,19
261;0,93;24,92;22,73;4,57
262;0,92;25,68;23,81;6,98
263;0,92;25,6;21,63;8,02
264;0,93;25,97;14,07;7,58
265;0,92;26,16;20,19;8,43
266;0,92;25,51;15,94;5,06
267;0,93;24,24;13,62;5,39
268;0,92;25,62;21,03;6,66
269;0,91;25,26;20,82;5,44
270;0,91;25,1;22,24;4,64
271;0,9;25,53;22,13;6,11
272;0,91;24,64;12,76;5,65
273;0,91;25,41;20,64;5,56
274;0,9;24,99;25,3;8,31
275;0,91;26,02;20,49;5,45
276;0,9;25,54;19,98;5,02
277;0,91;25,13;13,09;5
278;0,9;25,41;24,28;7,73
279;0,9;25,32;15,18;7,36
280;0,89;24,6;17,76;5,02
281;0,88;26,33;22,45;5,38
282;0,87;26,12;21,77;7,49
283;0,88;25,69;21,9;5,6
284;0,89;25,29;18,3;8,43
285;0,89;25,83;21,49;6,66
286;0,9;24,65;13,12;5,27
287;0,89;24,98;17,67;7,94
288;0,9;25,31;18,02;5,78
289;0,9;26,21;21,88;5,66
290;0,9;26,17;18,33;5,81
291;0,91;25,9;21,33;7,57
292;0,9;26,12;19,75;5,19
293;0,9;25,65;19,59;6,03
294;0,9;25,53;15,57;4,62
295;0,91;25,07;17,43;7,81
296;0,9;26,07;12,79;5,86
297;0,9;25,54;16,45;5,49
298;0,9;26,01;17,16;6,82
299;0,9;25,36;18,64;7,32
300;0,9;24,79;24,3;7,75
301;0,9;25,15;15,88;5,89
302;0,92;25,2;17,05;7,75
303;0,92;24,42;15,58;6,36
304;0,92;25,49;19,28;4,9
305;0,91;25,19;16,95;7,89
306;0,9;25,19;15,99;6,69
307;0,9;25,34;19,91;6,91
308;0,93;24,81;6,6;8,25
309;0,93;25,23;13,09;6,74
310;0,92;23,99;12,41;4,52
311;0,92;24,96;21,83;7,98
312;0,92;25,05;20,86;5,64
313;0,91;24,88;21,38;6,51
314;0,92;25,22;20,5;5,32
315;0,93;25,26;18,87;5,69
316;0,93;25,09;21,5;7,25
317;0,92;25,49;18,82;6,22
318;0,92;25,49;9,64;7,01
319;0,92;24,66;20,23;7,79
320;0,92;25,23;18,27;5,86
321;0,91;25,24;20,23;6,77
322;0,91;25,31;19,44;7,61
323;0,9;25,82;19,54;7,36
324;0,9;25,43;20,98;6,66
325;0,89;25,55;22,35;6,03
326;0,89;23,99;20,87;6,13
327;0,9;25,59;20,83;6,23
328;0,9;24,26;18,33;5,9
329;0,91;24,8;16,83;7,3
330;0,91;25,21;17,51;5
331;0,9;24,91;21,99;8,37
332;0,9;24,08;21,11;7,62
333;0,89;25,21;21,7;5,69
334;0,88;25,06;22,57;4,67
335;0,87;25,43;22,19;7,35
336;0,86;25,65;21,73;7,44
337;0,85;25,97;20,17;8,35
338;0,85;25,41;15,97;5,51
339;0,84;25,7;21,72;4,83
340;0,83;25,82;21,87;8,16
341;0,82;25,28;19,43;5,53
342;0,81;24,41;21,31;7,39
343;0,8;25,03;21,44;4,74
344;0,8;25,45;22,86;7,54
345;0,79;25,54;20,81;5,01
346;0,79;24,62;20,37;7,28
347;0,8;25,13;22,34;6,63
348;0,79;25,16;22,94;8,32
349;0,79;25,37;12,04;4,65
350;0,78;25,17;21,16;5,67
351;0,77;24,96;23,42;4,78
352;0,76;25,25;23,11;8,02
353;0,75;25,2;21,82;6,88
354;0,74;25,56;20,54;6,64
355;0,73;25,92;22,22;5,03
356;0,73;26,04;21,8;6,46
357;0,72;26,29;21,64;6,09
358;0,71;26,12;21,52;5,76
359;0,71;26,04;19,91;7,59
360;0,7;25,62;19,82;4,75
361;0,7;26,3;19,32;7,09
362;0,69;26,64;19,73;7,79
363;0,69;26,04;20,83;8,13
364;0,69;25,96;16,38;7,48
365;0,69;26,52;19,2;5,63
1;0,68;26,66;13,86;6,9
2;0,69;24,68;10,19;5,07
3;0,7;24,66;17,71;4,97
4;0,69;26,51;21,17;7,05
5;0,69;26,24;21,97;7,9
6;0,69;25,66;20,16;4,77
7;0,68;26,16;20,86;4,92
8;0,68;26,35;22,03;6,76
9;0,67;25,97;20,24;5,37
10;0,67;25,13;19,33;6,95
11;0,67;26,66;20,19;5,36
12;0,67;25,7;15,98;4,97
13;0,67;26,64;20,65;6,68
14;0,67;26,54;22,07;7,95
15;0,66;26,46;22,48;7,24
16;0,67;25,49;16,29;7,77
17;0,67;25,25;10,22;5,57
18;0,68;25,61;13,84;8,04
19;0,68;26,3;21,17;6,01
20;0,67;26,96;21,12;7,91
21;0,67;26,99;21,87;6,38
22;0,66;27,31;23,69;5,57
23;0,65;27,73;23,79;5,54
24;0,65;27,67;23,02;6,77
25;0,64;27,47;21,86;4,82
26;0,64;28,02;19,78;8,22
27;0,64;27,63;19,45;5,59
28;0,63;27,21;20,61;5,84
29;0,63;28,08;23,22;5,43
30;0,62;28,8;23,04;4,51
31;0,62;28,82;23,1;7,27
32;0,62;28,97;22,47;6,86
33;0,61;29,3;21,11;7,74
34;0,61;27,78;20,55;4,66
35;0,61;28,57;22,87;8,21
36;0,61;28,55;20,47;5,82
37;0,6;29,42;23,23;8,15
38;0,6;28,72;20,96;4,93
39;0,6;28,99;25,14;7,48
40;0,6;29,22;23,64;6,82
41;0,6;30,03;23,73;5,93
42;0,59;29,88;23,87;4,82
43;0,59;30,12;19,09;6,92
44;0,59;28,35;18,02;4,61
45;0,59;29;23,12;6,51
46;0,59;29,18;19,08;6,92
47;0,59;30,13;17,73;7,43
48;0,59;29,63;20,31;8,47
49;0,59;29,16;17,83;5,54
50;0,59;29,28;21,34;5,79
51;0,59;29,12;25,26;5,86
52;0,59;29,42;21,79;7,43
53;0,59;29,48;23,96;8,23
54;0,59;28,64;20,57;8,4
55;0,59;28,92;18,77;8,28
56;0,59;29,38;21,4;8,02
57;0,59;29,92;20,72;8,46
58;0,59;30,52;20,99;6
59;0,59;31,36;19,79;8,29
60;0,59;30,69;21,47;7,54
61;0,6;30,08;17,59;5,17
62;0,61;27,59;19,43;4,68
63;0,61;27,92;19,49;5,36
64;0,62;27,22;4,96;7,62
65;0,65;26,27;13,96;7,03
66;0,65;26,66;17,57;5,4
67;0,65;26,65;17,34;7,47
68;0,65;27,99;19,12;5,07
69;0,65;28,65;24,35;7,79
70;0,64;28,61;20,21;7,68
71;0,64;29;20,01;8,39
72;0,63;29,48;22,03;5,1
73;0,63;29,12;25,17;8,13
74;0,62;29,65;24,94;5,86
75;0,62;29,09;24,14;6,16
76;0,61;29,46;24,73;6,37
77;0,61;28,8;23,24;7,01
78;0,62;28,62;20,69;8,48
79;0,61;29,17;23,91;6,9
80;0,61;28,58;20,25;8,21
81;0,62;27,06;20,66;5,52
82;0,64;27,67;16,35;6,09
83;0,64;26,11;21,93;6,52
84;0,63;28,13;24,36;5,79
85;0,63;28,65;19,79;8,41
86;0,62;27,02;13,73;7,4
87;0,63;24,88;7,95;6,42
88;0,65;26,73;12,39;7,51
89;0,65;27,21;11,38;6,37
90;0,66;26,62;10,23;4,57
91;0,67;26;18,96;6,67
92;0,67;26,79;18;7
93;0,67;28,26;18,97;8,42
94;0,68;25,83;6,36;4,66
95;0,71;25,61;14,1;6,55
96;0,75;25,88;15,99;4,89
97;0,74;26,49;17,53;5,1
98;0,73;26,93;14,6;6,94
99;0,72;27,12;13,58;5,43
100;0,72;25,83;5,84;7,5
101;0,73;26,22;15,42;6,56
102;0,74;25,97;21,63;5,37
103;0,74;25,71;16,86;6,48
104;0,74;25,87;13,41;4,5
105;0,74;26,63;16,41;7,95
106;0,74;25,85;19,39;4,55
107;0,76;25,36;11,57;4,53
108;0,78;26,47;17,91;6,95
109;0,82;24,86;11,69;8,39
110;0,82;25,69;13,43;7,92
111;0,81;25,94;18,5;5,51
112;0,81;25,04;5,81;5,29
113;0,82;26,03;24,07;7
114;0,82;26,7;18,77;7,79
115;0,82;26,9;15,91;5,95
116;0,82;25,72;12,15;6,23
117;0,82;25,95;15,48;4,96
118;0,82;25,66;18,66;5,11
119;0,82;26;12,63;6,77
120;0,81;26,22;13,41;4,91
121;0,82;25,73;16,32;5,31
122;0,83;25,46;19,39;5,44
123;0,82;26,32;18,65;6,28
124;0,83;24,47;19,86;4,68
125;0,83;25,45;18,35;6,5
126;0,84;24,38;15,1;8,21
127;0,87;25,42;19,4;4,6
128;0,89;24,49;8,96;7,02
129;0,9;24,8;16,58;7,84
130;0,9;24,84;14,21;5,75
131;0,92;24,67;13,87;5,03
132;0,95;24,64;12,98;4,67
133;0,95;25,32;11,11;7,08
134;0,96;25,23;13,82;6,71
135;0,96;24,4;8,12;5,42
136;0,96;24,99;23,66;7,83
137;0,95;25,29;23,86;7,44
138;0,95;25,6;20;5,61
139;0,95;25,05;16,84;7,51
140;0,95;24,84;17,48;5,48
141;0,96;24,23;15,08;7,2
142;0,95;24,99;21,41;4,97
143;0,96;24,19;13,35;7,27
144;0,97;24,54;16,08;5,46
145;0,97;24,84;17,14;6,79
146;0,98;24,78;17,47;5,19
147;0,97;25,03;16,79;7,4
148;0,98;24,39;9,46;4,74
149;0,97;25,31;16,82;5,16
150;0,97;25,12;17,76;5,24
151;0,96;25,1;18,81;4,67
152;0,96;24,91;10,95;7,48
153;0,96;25,04;12,89;8,42
154;0,96;24,59;18,35;7,61
155;0,97;24,5;16,95;7,94
156;0,97;24,02;12,39;4,52
157;0,96;24,45;19,24;4,97
158;0,96;24,82;15,06;6,74
159;0,95;24,44;11,2;8,41
160;0,95;24,77;14,88;7,14
161;0,95;24,56;14,87;6
162;0,96;25,38;12,53;5,08
163;0,96;24,33;20,74;5,11
164;0,96;23,93;10,13;5,95
165;0,96;24,14;13,06;7,36
166;0,97;23,96;15,08;4,63
167;0,97;24,72;17,68;7,91
168;0,96;24,21;11,35;8,27
169;0,96;24,28;17,67;8,06
170;0,95;23,91;16,08;8,15
171;0,95;23,81;17,62;4,56
172;0,94;24,38;19,26;8,41
173;0,94;24,75;14,88;5,97
174;0,95;24,47;20,29;7,98
175;0,95;23,17;11,09;5,25
176;0,96;22,44;17,97;6,29
177;0,96;22,94;12,91;4,68
178;0,96;23,86;11,5;4,66
179;0,97;23,62;11,96;8,27
180;0,96;23,76;16,04;7,74
181;0,96;23,31;4,2;6,62
182;0,95;24,29;16,38;6,6
183;0,95;23,82;14,47;7,5
184;0,96;24,41;16,72;5,87
185;0,95;23,55;14,12;7,55
186;0,96;24,12;17,18;6,44
187;0,96;23,72;14,63;7,05
188;0,95;24,23;10,54;8,36
189;0,95;24,9;13,5;6,39
190;0,96;23,19;20,61;6,17
191;0,96;23,35;13,25;8,12
192;0,97;23,64;11,98;8,11
193;0,96;24,68;13,83;8,47
194;0,96;23,42;15,11;6,7
195;0,96;24,11;13,12;5,88
196;0,95;25,13;20,59;5,46
197;0,95;24,49;11,89;4,64
198;0,95;23,71;10,9;7,41
199;0,96;24,34;12,44;5,43
200;0,96;23,85;11,23;6,93
201;0,95;24,48;17,41;8,17
202;0,95;23,94;15,3;8,3
203;0,95;25;20,6;4,52
204;0,94;25,53;17,52;5,77
205;0,96;25,56;12,49;7,85
206;0,95;24,3;12,05;6,65
207;0,95;24,6;15,15;7,73
208;0,95;23,46;15,74;7,91
209;0,95;24,84;15,89;6,27
210;0,94;25,02;17,51;5,94
211;0,94;24,14;10,23;6,32
212;0,95;23,89;9,8;7,11
213;0,95;23,35;10,68;5,97
214;0,95;24,92;19,82;7,6
215;0,95;23,79;20,07;8,12
216;0,96;24,44;17,53;5,63
217;0,96;24,6;21,71;8,36
218;0,95;25,14;25,39;6,99
219;0,94;24,03;11,2;8,01
220;0,94;23,79;11,2;4,92
221;0,94;24,4;16,18;5,51
222;0,93;25,43;21,23;5,78
223;0,93;24,99;21,3;5,71
224;0,92;25,37;16,93;5,19
225;0,92;24,31;17,04;7,97
226;0,92;25,18;10,6;6,17
227;0,91;25,02;22,29;8,35
228;0,91;25,32;18,33;6,83
229;0,92;24,72;17,07;5,05
230;0,92;25,03;17,6;6,68
231;0,92;25,69;21,38;8,47
232;0,91;25,58;20,23;6,76
233;0,92;25,32;16,71;4,51
234;0,91;24,92;22,94;8,23
235;0,9;24,99;6,89;5,44
236;0,9;24,95;22,63;7,25
237;0,9;25,07;17,19;6,56
238;0,91;23,79;17,9;5,8
239;0,9;24,12;19,31;5,63
240;0,9;24,82;15,07;8,22
241;0,89;25,65;16,89;8,15
242;0,9;25,82;22,55;6,55
243;0,91;25,33;15,45;5,53
244;0,9;25,59;23,8;4,91
245;0,9;25,06;12,85;5,13
246;0,9;25,43;9,9;6,59
247;0,9;23,9;15,83;5,73
248;0,9;24,38;19,88;4,67
249;0,92;24,09;14,98;6,32
250;0,92;25,15;13,74;7,48
251;0,92;24,81;21,09;8,07
252;0,92;24,71;19,46;6,84
253;0,91;25,55;19,26;7,39
254;0,91;25,61;17,8;5,96
255;0,9;25,77;11,56;6,48
256;0,9;25,75;16,18;7,42
257;0,9;25,71;16,29;7,41
258;0,91;24,77;9,81;6,2
259;0,91;26,48;24,62;6,67
260;0,91;24,64;11,83;8,2
261;0,92;24,93;23,62;7,03
262;0,9;25,53;18,9;7,07
263;0,9;25,82;25,12;7,64
264;0,89;25,28;16,99;4,96
265;0,88;25,46;20,79;6,59
266;0,88;25,9;20,03;8,34
267;0,87;26,31;21,04;5,95
268;0,86;25,95;21,63;5,68
269;0,86;25,12;21,33;6,9
270;0,86;25,16;11,65;5,38
271;0,88;25,69;20,83;6,72
272;0,87;26,54;22,96;5,12
273;0,87;25,59;18,99;6,82
274;0,87;25,87;11,87;6,91
275;0,87;26,14;21,92;6,17
276;0,86;26,76;18,39;6,03
277;0,88;25,37;20,06;5,48
278;0,89;25,06;20,78;5,82
279;0,91;25,41;9,82;6,49
280;0,91;25,95;22,96;5,49
281;0,9;25,68;24,07;7,63
282;0,89;25,71;20,38;7,34
283;0,89;25,98;19,9;5,58
284;0,89;25,57;14,26;4,89
285;0,88;25,67;20,34;4,5
286;0,89;24,11;13,81;6,89
287;0,89;24,71;20,65;5,35
288;0,89;25,28;12,64;4,55
289;0,89;26,07;22,04;5,94
290;0,87;26,17;23,72;8,35
291;0,87;26,22;17,17;7,26
292;0,86;25,5;20,99;7,93
293;0,86;24,57;19,41;5,08
294;0,86;25,12;14,14;4,79
295;0,87;24,97;11,49;4,55
296;0,9;24,21;17,12;8,32
297;0,9;24,51;16,53;5,7
298;0,9;25,12;16,83;6,34
299;0,89;26,23;19,67;6,08
300;0,89;26,43;16,19;7,42
301;0,89;25,28;13,03;5,74
302;0,88;24,59;21,71;6,64
303;0,88;25,6;22,43;8,48
304;0,88;26,18;12,16;6,28
305;0,89;25,88;17,21;6,71
306;0,88;25,81;14,79;6,51
307;0,87;25,06;21,59;7,71
308;0,86;24,91;21,17;5,57
309;0,87;24,37;17,35;5,18
310;0,86;25,1;20,04;7,52
311;0,86;24,84;13,23;6,16
312;0,86;25,58;11,63;8,15
313;0,87;24,69;16,82;7,08
314;0,87;25,54;15,61;6,76
315;0,87;25,6;18,46;4,78
316;0,86;26,04;17,66;7,42
317;0,85;25,96;19,7;7,24
318;0,84;26,28;21,6;7,06
319;0,83;25,49;18,83;5,57
320;0,83;25,75;18,1;8,29
321;0,83;25,49;9,68;5,79
322;0,83;25,56;17,4;5,11
323;0,83;25,88;19,92;8,45
324;0,82;25,27;20,63;7,48
325;0,83;25,44;18,7;6,16
326;0,83;25,84;19,32;8,24
327;0,82;25,66;20,32;4,86
328;0,82;25,93;21,41;4,85
329;0,82;25,51;20,91;7,23
330;0,81;26,15;19,3;5,21
331;0,8;24,9;18,08;8,17
332;0,79;25,6;18,66;7,86
333;0,79;25,78;18,81;5,73
334;0,78;25,35;14,18;8,06
335;0,77;24,94;22,15;4,67
336;0,76;24,98;22;6,69
337;0,76;24,86;21,81;8,24
338;0,75;25,08;21,74;7,92
339;0,74;25,12;22,22;5,92
340;0,74;25,65;23,1;5,23
341;0,73;25,62;23,54;5,34
342;0,73;25,92;21,99;6,56
343;0,72;26,54;21,62;6,89
344;0,71;26,19;21,89;4,63
345;0,71;26,3;13,85;6,15
346;0,7;26,45;18,2;7,82
347;0,7;26,6;17,84;6,28
348;0,7;26,14;22,14;5,18
349;0,7;26,21;22,91;8,32
350;0,69;26,1;23,27;5,57
351;0,69;26,49;23,07;7,69
352;0,68;26,8;22,42;5,28
353;0,67;27,26;22,72;6,19
354;0,67;26,58;20,81;6,46
355;0,68;26,99;21,89;6,5
356;0,67;26,46;21,39;6,57
357;0,67;26,56;21,44;5,4
358;0,66;26,56;22,16;6,56
359;0,66;26,42;22,24;6,43
360;0,65;26,72;19,99;5,33
361;0,65;26,75;22,01;8,45
362;0,64;27,31;22,37;7,96
363;0,64;26,97;21,95;8,05
364;0,63;26,95;23,66;7,24
365;0,63;27,51;20,72;5,14
1;0,62;27,38;21,65;6,77
2;0,62;27,04;20,37;7,79
3;0,62;27,91;18,08;4,65
4;0,62;28,37;19,74;6,48
5;0,61;28,21;19,99;6,08
6;0,61;27,52;20,97;5,35
7;0,61;27,42;18,58;6,01
8;0,61;27,82;16,38;8,43
9;0,61;26,72;17,93;7,39
10;0,61;27,19;18,32;5,7
11;0,6;28,54;20,35;6,92
12;0,6;28,01;15,94;5,49
13;0,6;27,64;18,79;6,94
14;0,6;28,01;21,98;8,08
15;0,6;28,9;23;6,73
16;0,6;29,57;21,78;7,43
17;0,6;29,92;20,18;6,31
18;0,6;29,44;18,96;6,6
19;0,6;28,84;18,9;7,28
20;0,59;29,15;20,35;7,75
21;0,59;30,37;17,95;7,14
22;0,59;30,43;21,38;8,41
23;0,59;30,07;21,99;7,78
24;0,59;29,51;21,27;7,61
25;0,59;29,65;22,1;7,88
26;0,59;30,43;21,06;5,62
27;0,59;30,51;23,42;6,23
28;0,59;31,51;22,81;6,76
29;0,59;30,14;18,33;6,35
30;0,59;29,75;16,93;7,89
31;0,6;29,77;20,75;4,61
32;0,6;29,8;24,06;5,34
33;0,61;28,61;23,01;8,03
34;0,6;29,45;23,61;4,74
35;0,6;29,66;14,38;5,41
36;0,6;29,52;19,13;5,91
37;0,6;29,87;20,58;7,5
38;0,6;29,63;19,79;6,74
39;0,59;30,08;21,97;8,32
40;0,59;30,73;23,06;5,41
41;0,59;30,26;23,6;7,99
42;0,59;30,77;23,89;5,63
43;0,59;31,28;24,55;5,48
44;0,59;32,08;23,96;6,49
45;0,59;30,29;19,02;4,78
46;0,59;31,62;22,99;6,04
47;0,59;30,25;23,63;5,92
48;0,59;28,11;16,59;5,14
49;0,59;29,72;21,12;7,94
50;0,59;30,45;19,3;6,04
51;0,59;30,34;21,62;8,43
52;0,59;30,53;24,62;8,1
53;0,59;30,11;22,8;5,28
54;0,59;29,05;20,66;6,52
55;0,59;29,82;21,52;6,91
56;0,59;29,97;24,07;7,78
57;0,59;30,65;24,07;8,04
58;0,59;30,95;22,17;7
59;0,59;30,86;22,11;4,64
60;0,59;30,9;21,67;6,43
61;0,59;29,48;21,78;8,04
62;0,59;29,97;15,35;7,36
63;0,59;30,72;18,04;7,98
64;0,59;29,97;19,91;7,2
65;0,59;29,71;19,14;4,68
66;0,59;28,14;19,08;8,37
67;0,59;29,72;17,94;8,17
68;0,6;29,44;15,09;5,01
69;0,6;27,28;14,15;4,95
70;0,6;28,11;15,11;6,66
71;0,6;28,65;12,73;7,53
72;0,6;28,54;13,98;6,03
73;0,6;29,23;14,37;5,05
74;0,61;27,86;11,09;6,54
75;0,63;29,48;19,76;5,85
76;0,62;29,57;18,1;5,91
77;0,62;29,28;14,69;7,08
78;0,63;28,2;19,97;8,04
79;0,63;29,23;12,5;6,73
80;0,62;29,97;16,85;7,25
81;0,62;28,17;13,17;7,14
82;0,65;27,16;10,33;6,7
83;0,66;29,08;22,02;5,74
84;0,65;29,79;24,57;6,01
85;0,64;30,76;24,85;5,76
86;0,64;29,76;21,84;8,17
87;0,64;28,38;18,09;7,81
88;0,65;27,74;9,7;6,82
89;0,67;26,8;12,79;8,15
90;0,68;26,85;10,6;8,05
91;0,7;27,26;15,87;8,21
92;0,71;27,48;16,06;5,39
93;0,7;28,39;22,69;7,37
94;0,69;28,31;23,57;6,94
95;0,69;27,64;21,41;7,44
96;0,68;28,45;23,65;5,55
97;0,68;28,46;22,96;7,28
98;0,69;27,91;18,69;6,14
99;0,71;25,84;14,92;7,84
100;0,71;27,31;15,27;7,68
101;0,7;26,45;14,13;5,35
102;0,7;26,25;13,78;5,24
103;0,7;26,21;16,46;7,37
104;0,71;27,84;10,36;6,7
105;0,74;25,07;13,71;6,73
106;0,76;26,49;13,37;7,51
107;0,76;26,58;11,14;7,92
108;0,75;26,9;10,27;5,46
109;0,76;26,2;16,88;6,72
110;0,76;26,87;12,28;7,82
111;0,78;26,57;14,89;7,99
112;0,78;26,33;14,32;5,65
113;0,79;26,25;18,63;4,92
114;0,79;25,91;6,17;5,43
115;0,78;26,39;16,83;8,28
116;0,78;27,85;18,94;6,35
117;0,78;26,52;14,67;6,17
118;0,78;27,91;18,95;4,55
119;0,77;28,09;23,84;4,7
120;0,77;28,42;25,1;7,17
121;0,75;28,54;25,68;6,86
122;0,74;27,86;23;6,8
123;0,74;26,27;14,17;4,94
124;0,74;25,59;18,82;5,91
125;0,75;26,47;19,22;7,75
126;0,75;25,88;11,95;5,2
127;0,76;26,91;20,09;8,03
128;0,78;26,45;13,5;4,99
129;0,79;25,89;13,16;5,18
130;0,8;27,12;17,92;6,41
131;0,79;26,38;11,61;8,28
132;0,8;26,16;19,14;5,82
133;0,82;25,12;11,72;7,13
134;0,82;26,05;12,85;6,85
135;0,82;25,85;16,59;5,1
136;0,82;26,12;11,01;5,49
137;0,82;26,23;18,49;8,22
138;0,82;26,65;22,27;5,24
139;0,82;26,32;10,5;7,28
140;0,82;25,77;17,71;8,36
141;0,82;25,38;17,07;4,98
142;0,83;26,01;17,64;6,1
143;0,85;26,03;18,45;5,4
144;0,88;25,54;23,48;5,39
145;0,88;25,77;16,05;4,98
146;0,9;25,93;20,31;7,1
147;0,9;24,97;15,08;7,49
148;0,9;24,99;19,3;7,21
149;0,89;26,02;16,08;8,2
150;0,89;25,88;16,5;5,08
151;0,91;26,04;20,87;5,78
152;0,91;25,73;8,95;5,88
153;0,92;25,52;17,32;5,43
154;0,92;25,5;14,93;5,07
155;0,91;25,48;14,92;6,45
156;0,92;25,15;22,44;7,84
157;0,91;25,46;13,39;8,32
158;0,92;25,8;13,81;5,02
159;0,92;25,64;19,75;7,79
160;0,91;25,09;16,17;7,8
161;0,91;24,05;12,13;6,06
162;0,91;24,63;11,22;4,94
163;0,91;25,04;14,08;8,46
164;0,91;25,47;17,18;7,12
165;0,91;25,56;22,27;8,43
166;0,91;25,78;15,6;6,43
167;0,91;25;14,36;6,08
168;0,91;25,04;10,79;5,49
169;0,92;25,32;20,31;8,43
170;0,92;25,87;12,45;5,51
171;0,92;25,46;18,42;4,6
172;0,92;23,83;11,67;6,55
173;0,92;24,64;11,27;6,01
174;0,92;25,06;16,32;5,55
175;0,92;25,63;12,03;7,04
176;0,93;24,38;15,17;5,96
177;0,92;25;18,35;6,11
178;0,91;25,06;22,82;4,59
179;0,9;25,17;19,38;6,86
180;0,9;24,53;16,83;4,99
181;0,9;23,63;10,62;5,36
182;0,9;24,46;6,76;7,37
183;0,91;23,73;11,19;5,75
184;0,91;24,61;22,21;5,15
185;0,9;24,76;22,67;6,81
186;0,9;24,26;6,83;5,36
187;0,9;24,78;22,52;5,58
188;0,89;25,66;18;6,99
189;0,89;24,59;21,72;7,46
190;0,89;24,28;10,59;7,46
191;0,89;24,86;13,68;6,43
192;0,88;25,39;18,78;6,32
193;0,88;24,72;18,06;7,65
194;0,89;24,4;18,48;5,27
195;0,88;24,97;19,8;5,11
196;0,88;25,64;22,43;7,16
197;0,88;25,05;11,03;6,14
198;0,9;25,43;19,39;7,34
199;0,89;25,28;17,34;5,53
200;0,9;25,19;19,61;5,8
201;0,91;24,77;15,61;8,09
202;0,91;25,87;19,69;6,19
203;0,9;24,24;15,77;6,86
204;0,91;24,33;11,31;4,93
205;0,91;24,87;19,45;5,22
206;0,9;25,37;18,68;4,64
207;0,91;24,78;9,51;6,2
208;0,9;24,78;18,65;8,46
209;0,9;24,22;15,86;8
210;0,9;24,46;22,85;7,03
211;0,89;25,62;20,32;7,94
212;0,88;26,26;16,26;6,88
213;0,88;25,92;14,18;5,98
214;0,87;25,77;18,98;5,19
215;0,88;25,84;5,53;7,11
216;0,9;24,76;10,9;5,27
217;0,9;24,21;18,15;6,17
218;0,89;24,37;15,53;7,8
219;0,88;25,17;17,78;5,02
220;0,87;25,06;13,71;5,02
221;0,87;25,9;22,43;5,4
222;0,87;25,84;19,93;6,71
223;0,87;24,72;16,76;5,51
224;0,86;25,98;17,25;6,51
225;0,86;24,3;13,17;5,71
226;0,87;24,49;7,73;6,52
227;0,87;24,93;12,25;5,61
228;0,86;24,38;7,73;8,42
229;0,87;24,48;15,56;6,47
230;0,87;25,95;18,92;7,47
231;0,87;24,7;10,96;7,3
232;0,88;24,8;18,03;6,46
233;0,87;26,27;20,87;5,46
234;0,86;25,7;18,41;6,54
235;0,86;25,19;9,07;7,22
236;0,86;25,32;17,64;6,34
237;0,86;25,73;20,96;4,83
238;0,87;25,5;18,99;4,57
239;0,87;26,23;22,11;5,81
240;0,89;25,47;20,85;5,1
241;0,89;26,05;25,3;8,12
242;0,88;26,31;24,1;5,2
243;0,87;26,19;15,25;6,08
244;0,88;26,21;17,74;7,35
245;0,88;26,54;20,3;7,76
246;0,87;26,5;20,31;6,41
247;0,86;26,15;22,44;5,22
248;0,85;25,8;12,84;5,58
249;0,85;25,12;22,43;6,18
250;0,85;25,91;24,32;5,96
251;0,85;26,68;20,42;5,89
252;0,84;26,24;18,15;5,03
253;0,84;26,25;21,43;8,15
254;0,83;26,31;24,21;4,62
255;0,85;25,81;16,19;6,26
256;0,85;26,09;15,34;8,42
257;0,84;26,72;17,92;7,14
258;0,83;27,25;19,54;5,92
259;0,83;26,37;22,57;5,08
260;0,83;25,41;5,57;8,36
261;0,84;26,46;23,53;4,56
262;0,83;26,46;19,74;7,23
263;0,84;25,38;19,71;8,02
264;0,85;25,49;15,13;4,6
265;0,84;26,03;19,72;7,4
266;0,85;24,28;13,12;8,5
267;0,85;24,97;19,81;7,06
268;0,86;25,31;23,81;6,16
269;0,85;26,1;15,79;8
270;0,84;26,61;19,85;6,72
271;0,84;26,69;19,74;7,5
272;0,85;26,19;19,63;6,85
273;0,85;26,3;24,85;4,65
274;0,84;26,48;22,93;5,35
275;0,85;25,88;22,5;4,82
276;0,87;25,61;5,3;4,93
277;0,88;26,14;21,22;4,56
278;0,86;25,87;22,13;6,18
279;0,86;25,77;24,95;5,21
280;0,87;25,54;18,72;7,92
281;0,88;25,79;13,06;7,5
282;0,89;24,49;17,46;6,79
283;0,89;24,99;17,78;6,46
284;0,88;25,33;16,6;5,52
285;0,88;25,25;16,78;6,4
286;0,88;25,82;21,31;7,06
287;0,86;25,44;21,76;7,63
288;0,86;24,97;10,02;4,83
289;0,86;24,88;18,81;7,33
290;0,85;26,19;20,6;7,47
291;0,85;25,59;16,06;6,74
292;0,86;25,02;19,56;5,36
293;0,85;25,8;18,54;6,66
294;0,84;25,76;21,35;6,51
295;0,83;25,71;21,27;6,4
296;0,85;24,72;21,95;6,34
297;0,86;25,68;14,93;4,94
298;0,87;25,26;8,6;5,23
299;0,86;25,78;24,17;4,89
300;0,85;25,62;16,2;5,47
301;0,85;25,94;19,89;5,55
302;0,85;24,33;21,52;5,48
303;0,85;25,52;20,65;5,34
304;0,85;25,89;9,54;7,44
305;0,85;25,56;20,75;7,77
306;0,85;26,17;12,49;5,81
307;0,84;25,25;22,02;5,72
308;0,84;25,72;22,5;7,88
309;0,83;26,13;21,11;7
310;0,82;25,65;18,68;5,67
311;0,84;25,72;18,06;7,35
312;0,83;26,03;17,21;5,88
313;0,82;26,02;14,59;6,85
314;0,84;25,71;11,17;8,47
315;0,86;25,56;20,08;5,71
316;0,85;26,25;16,73;8,22
317;0,86;24,86;17,87;5,78
318;0,87;25,58;21,52;6,66
319;0,87;25,5;19,8;6,34
320;0,88;25,53;16,16;7,63
321;0,87;25,99;17,98;4,74
322;0,86;25,57;16,32;7,01
323;0,86;24,76;18,64;7,54
324;0,86;25,27;15,6;6,39
325;0,85;25,59;16,62;4,92
326;0,85;24,8;18,19;5,48
327;0,86;25,08;20,72;7,22
328;0,86;25,37;19,47;8,08
329;0,85;26,12;13,34;6,19
330;0,85;25,81;19,21;6,74
331;0,84;25,66;19,93;5,41
332;0,83;26,44;19,67;6,15
333;0,82;26,34;20;5,85
334;0,82;25,79;19,56;7,12
335;0,81;26,18;19,53;8,44
336;0,8;26,88;20,32;7,75
337;0,8;26,36;20,99;5,27
338;0,79;26,75;22,57;6,81
339;0,78;26,26;21,54;4,77
340;0,77;26,78;22,46;5,49
341;0,76;26,51;19,56;5,19
342;0,77;25,58;20,23;5,84
343;0,76;25,98;21,76;7,22
344;0,75;26,16;21,15;6,5
345;0,74;26,54;20,2;8,23
346;0,74;26,56;19,54;5,35
347;0,73;26,36;19,52;5,96
348;0,73;26,42;19,72;5,82
349;0,73;25,74;14,02;5,44
350;0,72;26,43;14,6;8,47
351;0,72;26,67;19,2;6,05
352;0,71;26,86;19,99;8,26
353;0,71;27,33;19,38;6,06
354;0,7;26,14;14,25;5,32
355;0,71;26,69;14,42;4,98
356;0,7;27,37;20,15;7,92
357;0,7;28,21;20,94;4,63
358;0,69;27,16;18,18;8,36
359;0,7;27,35;12,76;6,17
360;0,7;26,63;17,13;5,49
361;0,7;27,87;18,61;6,97
362;0,7;27,55;18,84;5,03
363;0,69;27,68;17,01;4,79
364;0,69;27,17;20,76;7,81
365;0,69;26,78;22,01;6,2
1;0,69;26,71;20,95;6,57
2;0,68;26,96;23,9;5,21
3;0,68;27,11;24,31;4,75
4;0,67;27,7;24,03;5,97
5;0,66;27,33;22,54;6,52
6;0,66;27,29;22,56;7,56
7;0,65;27,72;21,61;6,5
8;0,65;27,95;22,71;7,63
9;0,64;28,05;21,97;4,96
10;0,64;27,68;22,6;4,76
11;0,63;28,33;21,17;5,14
12;0,63;28,44;20,69;7,59
13;0,62;28,71;20,52;7,54
14;0,62;28,62;21,32;5,07
15;0,62;29,04;21,78;4,62
16;0,62;29,08;11,4;7,24
17;0,62;28,79;13,95;7,92
18;0,62;28,98;17,5;7,52
19;0,61;28,03;17,64;5,31
20;0,62;27,62;15,64;6,84
21;0,62;28,95;20,89;7,53
22;0,62;28,94;20,36;5,52
23;0,62;30,7;22,18;6,61
24;0,62;29,45;16,45;5,76
25;0,61;29,19;22,77;5,4
26;0,61;29,29;22,47;8,38
27;0,62;29,22;24,59;8,15
28;0,62;30,03;23,58;6,28
29;0,62;29,86;22,27;5,05
30;0,61;29,84;23,05;7,41
31;0,61;29,86;17,68;5,52
32;0,61;28,92;20,89;5,17
33;0,61;29,02;20,51;6,03
34;0,61;29,14;22,5;6,62
35;0,61;29,01;25,2;4,89
36;0,6;29,29;25,68;6,79
37;0,6;29,84;25,37;4,56
38;0,6;30,32;25,07;8,07
39;0,6;30,36;22,63;8,18
40;0,59;29,46;25,33;7,43
41;0,6;29,26;24,22;6,37
42;0,6;30,32;24,53;5,52
43;0,59;30,81;24,19;7,48
44;0,59;31,36;23,49;8,23
45;0,59;31,08;20,27;5,13
46;0,59;31,13;22,31;6,36
47;0,59;31,32;23,82;5,76
48;0,59;31,98;23,36;5,93
49;0,59;30,52;21,45;6,12
50;0,59;32,16;18,13;8,31
51;0,59;32,53;22,24;5,53
52;0,59;31,22;22,39;6,47
53;0,59;30,66;21,64;8,31
54;0,59;31,32;14,28;6,4
55;0,6;29,23;14,16;7,95
56;0,6;28,77;19,19;4,74
57;0,6;30,2;21,64;8,31
58;0,59;31,06;22,43;5,25
59;0,59;30,96;22,92;8,42
60;0,59;32,16;23,65;5,2
61;0,62;29,24;23,08;6,28
62;0,67;28,41;23,52;5,73
63;0,66;28,89;22,98;6,23
64;0,65;28,92;25,97;5,5
65;0,65;29,35;26,21;8,36
66;0,64;30;25,12;5,72
67;0,64;30,02;23,35;7,11
68;0,63;28,78;20,29;5,05
69;0,64;28,65;13,34;7,8
70;0,64;28,73;17,57;6,67
71;0,64;29,04;21,35;8,42
72;0,65;29,6;16,83;6,19
73;0,64;29,1;14,96;5,28
74;0,67;26,97;16,15;5,88
75;0,68;25,97;13,76;7,45
76;0,68;28,44;21,68;7,14
77;0,67;28,89;24,68;7,61
78;0,66;28,62;22,06;4,79
79;0,66;28,77;21,29;6,82
80;0,65;28,91;18,96;8,23
81;0,65;28,61;23,13;4,93
82;0,64;28,56;23,07;4,88
83;0,64;29,37;22,16;7,37
84;0,64;30,18;19,12;5,76
85;0,63;30,15;21,93;7,13
86;0,63;30,6;19,13;6,68
87;0,63;30,68;22,47;8,44
88;0,62;30,2;24,75;8,06
89;0,62;30,28;21,44;7,21
90;0,62;29,78;12,59;5,55
91;0,64;28,08;13,6;5,55
92;0,66;27,97;17,38;8,03
93;0,65;27,25;12,1;6,84
94;0,65;27,79;15,69;7,66
95;0,65;29,13;18,38;6,3
96;0,67;27,95;13,13;4,91
97;0,68;27,2;13,82;5,83
98;0,69;29,41;19,81;5,14
99;0,68;28,41;13,07;7,63
100;0,68;26,51;7,98;7,3
101;0,69;27,79;17,28;4,85
102;0,7;28,03;13,4;6,99
103;0,69;29,61;21,21;8
104;0,68;29,63;25,78;7,29
105;0,68;29,63;23,57;6,54
106;0,67;29,48;23,65;5,75
107;0,67;29,03;20,77;8,05
108;0,66;28,25;13,61;6,19
109;0,66;26,24;7,87;7,92
110;0,67;26,54;18,01;7,63
111;0,67;27,02;20,49;7,76
112;0,69;26,36;15,88;8,46
113;0,69;27,01;14,55;7,5
114;0,69;27,54;18,28;4,64
115;0,69;28,72;22,74;5,32
116;0,68;29,78;24,49;4,64
117;0,68;28,56;18,94;5,26
118;0,67;28,26;22,36;4,75
119;0,67;28,2;20,48;6,51
120;0,67;28,02;15,91;4,61
121;0,67;28,07;15,77;6,39
122;0,69;27,5;15,11;8,1
123;0,7;27,22;16,83;7,49
124;0,71;26,06;14,03;8,28
125;0,7;28,41;18,08;5,41
126;0,7;27,94;19,3;6,62
127;0,7;27,09;14,47;5,77
128;0,73;26,71;20,58;6,48
129;0,73;26,1;7,33;6,73
130;0,73;27,08;18,03;4,64
131;0,74;27,96;21,94;5,43
132;0,73;28,54;22,82;7,32
133;0,73;28,86;21,18;7,59
134;0,74;26,79;12,72;6,78
135;0,74;27,26;21,56;5,58
136;0,73;27,19;16,13;6,12
137;0,73;26,91;20,71;4,88
138;0,73;27,21;14,64;8,31
139;0,73;26,76;18,33;7,97
140;0,74;27,09;17;4,76
141;0,74;27,52;21,95;5,17
142;0,73;27,8;14,01;6,82
143;0,72;27,4;7,1;5,43
144;0,74;26,74;21,64;8,24
145;0,73;26,82;16,83;7,52
146;0,73;26,8;20,06;5,59
147;0,72;27,02;17,59;4,52
148;0,75;25,23;18,54;7,7
149;0,75;26,18;15,8;6,2
150;0,75;25,5;19,12;7,07
151;0,75;26,46;8,83;5,65
152;0,76;26,1;15,79;5,07
153;0,78;25,84;22,52;7,2
154;0,77;26,58;23,03;6,3
155;0,78;26,93;20,24;5,44
156;0,79;26,55;12,21;5,05
157;0,78;26,99;18,82;6,82
158;0,78;25,38;10,9;7,4
159;0,78;25,78;18,53;5,64
160;0,78;24,77;13,39;7,44
161;0,78;25,31;22,76;5,23
162;0,77;25,89;13,55;5,85
163;0,77;26,02;19,98;7,48
164;0,77;26,53;21,75;7,14
165;0,78;26,66;16,16;5,58
166;0,77;25,35;18,13;4,99
167;0,77;24,84;12,88;4,67
168;0,77;25,25;20,27;7,85
169;0,78;26,03;19,47;4,8
170;0,78;25,31;8,32;4,96
171;0,79;26,17;18,87;5,45
172;0,79;25,28;11,4;6,28
173;0,79;25,74;13,96;7,66
174;0,81;25,27;10,15;5,49
175;0,81;25,44;18,68;6,67
176;0,8;25,7;16,34;4,86
177;0,8;25,25;13,27;6,36
178;0,8;24,77;15,62;5,21
179;0,8;25,56;16,84;5,34
180;0,8;24,99;4,32;5,97
181;0,83;24,62;20,49;7,55
182;0,83;25,47;19,35;7,48
183;0,82;24,41;15,41;6,16
184;0,83;24,92;15,82;4,97
185;0,83;25,86;15,39;5,62
186;0,83;24,9;8,19;6,52
187;0,83;25,17;17,63;7,98
188;0,83;24,2;8,63;8,37
189;0,84;24,05;18,47;7,05
190;0,84;25,58;21,86;5,9
191;0,84;25,56;19,39;7,27
192;0,84;24,71;11,49;5,84
193;0,85;23,74;5,83;7
194;0,85;24,92;17,98;5,48
195;0,85;25,05;19,19;5,57
196;0,84;25,79;22,68;4,8
197;0,84;25,24;15,59;6,18
198;0,83;24,51;20,68;6,97
199;0,83;25,09;18,91;7,66
200;0,82;25,56;19,13;7,74
201;0,82;25,6;16,56;8,47
202;0,81;25,58;17,38;4,85
203;0,8;25,67;11,48;6,47
204;0,8;25,5;15,14;6,59
205;0,83;25,53;10,99;7,72
206;0,84;25,49;17,12;5,57
207;0,85;24,78;20,3;4,78
208;0,84;24,26;16,1;5,76
209;0,83;24,98;18,3;8,44
210;0,82;26,36;20,8;8,1
211;0,83;26,08;16,81;6,08
212;0,84;25,27;16,65;8,01
213;0,84;25,23;17,47;4,63
214;0,83;24,78;16,15;5,76
215;0,82;24,83;21,32;7,41
216;0,82;25,23;16,78;5,39
217;0,81;24,41;17,05;5,29
218;0,8;25,03;16,32;7,95
219;0,8;25,83;18,48;6,96
220;0,8;25,09;13,79;8,46
221;0,8;24,88;12,86;5,04
222;0,79;25,7;13,77;5,92
223;0,78;26,61;10,16;5,74
224;0,78;26,62;17,23;8,02
225;0,78;26;16,14;5,52
226;0,77;26,14;6,15;5,91
227;0,77;26,7;13,76;5,07
228;0,77;26,79;21,71;7,6
229;0,76;26,93;20,99;5,45
230;0,76;25,74;14,35;4,77
231;0,77;26,26;13,8;6,24
232;0,77;26,06;19,22;6,07
233;0,76;27,19;20;5,21
234;0,76;26,8;21,2;5,03
235;0,78;24,92;14,71;8,09
236;0,78;24,51;14,72;4,77
237;0,79;25,69;17,12;4,9
238;0,78;26,61;17,61;5,48
239;0,77;26,68;14,56;8,31
240;0,76;26,61;22,49;4,84
241;0,76;26,98;23,49;7,76
242;0,76;26,31;17,13;8,07
243;0,78;25,73;11,54;6,01
244;0,77;25,83;23,17;5,68
245;0,76;25,47;14,34;7,21
246;0,76;25,21;18,15;7,31
247;0,77;25,98;18,83;7,62
248;0,77;26,3;21,99;7,82
249;0,77;27,1;23,12;5,57
250;0,77;26,67;24,86;7,25
251;0,77;26,23;13,29;5,04
252;0,76;26,62;21;6,54
253;0,76;26,15;17,55;6,95
254;0,76;27,16;20,6;5,15
255;0,75;26,22;22,1;4,81
256;0,74;26,52;21,44;5,28
257;0,74;27,05;23,58;6,18
258;0,73;27,97;13,92;8,05
259;0,73;28,33;23,71;6,63
260;0,72;27,11;14,81;7,49
261;0,73;27,05;24,16;5,2
262;0,72;27,18;22,46;4,92
263;0,72;26,83;22,06;5,46
264;0,74;26,22;16,67;5,76
265;0,74;27,73;22,87;6,69
266;0,73;28,41;23,67;8,02
267;0,73;26,36;8,27;6,2
268;0,73;26,63;19,39;6,58
269;0,73;27,36;23,09;4,52
270;0,72;27,49;20,32;4,63
271;0,71;27,95;12,96;4,84
272;0,71;27,72;21,74;7,3
273;0,72;26,53;17,9;6,44
274;0,73;26,58;17,92;5,27
275;0,72;27,45;23,09;6,87
276;0,71;27,48;12,64;6,68
277;0,7;27,35;16,84;4,86
278;0,7;27,65;18,34;7,06
279;0,69;26,77;19,78;7,57
280;0,68;27,52;20,2;5,65
281;0,68;27,8;17,84;7,25
282;0,67;27,73;11,05;5,3
283;0,67;28,32;23,7;7,53
284;0,66;27,98;23,8;8,15
285;0,66;27,47;21,36;6,27
286;0,66;27,84;16,18;5,48
287;0,66;28,63;16,94;6,1
288;0,65;28,27;21,22;5,5
289;0,65;28,93;23,42;4,5
290;0,64;27,43;20,66;7,1
291;0,64;28,37;18,88;4,67
292;0,64;28,49;18,24;5,34
293;0,63;29,06;19,54;7,39
294;0,63;27,45;9,49;7,16
295;0,63;28,36;19,62;4,79
296;0,62;29,36;17,98;7,14
297;0,62;27,69;19,2;8,22
298;0,62;29,59;21,26;4,8
299;0,61;29,55;23,07;6,16
300;0,61;30,15;22,71;7,42
301;0,61;30,64;22,04;7,17
302;0,61;29,37;18,78;5,41
303;0,61;30,42;21,66;5,15
304;0,61;30,1;20,22;7,64
305;0,61;28,42;17,49;8,32
306;0,61;27,58;14;7,57
307;0,61;27,99;15,77;8,35
308;0,6;29,26;18,47;6,92
309;0,6;28,75;13,13;8,22
310;0,6;29,89;14,43;7,26
311;0,6;30,22;17,71;8,14
312;0,6;28,72;15,89;5,15
313;0,6;28,21;16,7;7,76
314;0,6;28,74;13,12;5,29
315;0,6;27,67;14,66;4,61
316;0,61;27,96;14,17;6,57
317;0,61;29,33;20,3;5,77
318;0,61;27,75;15,25;4,67
319;0,6;28,28;20,31;8,42
320;0,6;29,05;22,4;7,17
321;0,6;27,98;16,01;8,11
322;0,6;28,65;14,15;8,5
323;0,6;28,75;18,51;6,07
324;0,6;30,01;22,2;5,52
325;0,59;30,15;21,06;5,24
326;0,59;29,61;18,46;6,56
327;0,59;29,6;20,7;6,92
328;0,59;30,32;21,03;6,39
329;0,59;30,22;18,21;6,05
330;0,59;29,39;19,72;5,17
331;0,59;28,97;16,47;6,27
332;0,59;27,51;9,81;4,84
333;0,59;28,35;13,87;7,96
334;0,59;29,93;16,82;4,69
335;0,59;28,96;18;6,02
336;0,59;29,71;11,73;4,9
337;0,59;29,31;18,83;7,6
338;0,59;30,51;21,51;5,75
339;0,59;30,76;21,73;4,95
340;0,59;30,3;15,66;6,63
341;0,59;28,77;16,6;8,17
342;0,59;29;17,9;8,13
343;0,59;28,58;18,35;5,5
344;0,59;29,78;18,48;7,38
345;0,59;29,89;19,29;4,62
346;0,59;30,38;22,03;5,03
347;0,59;30,16;21,29;6,5
348;0,59;30,15;22,87;5,42
349;0,59;30,15;20,38;7,69
350;0,59;29,66;19,3;8,22
351;0,58;30,18;20,43;4,52
352;0,58;29,69;21,07;5,43
353;0,58;29,16;20,46;6,26
354;0,59;29,9;20,89;6,75
355;0,59;29,41;22,51;8,16
356;0,59;29,17;22,03;8,07
357;0,59;28,49;21,76;7,05
358;0,6;26,8;19,75;5,53
359;0,6;27,19;20,23;7,63
360;0,6;27,16;21,3;5,31
361;0,6;26,61;21,04;8,36
362;0,61;26,35;19,74;4,52
363;0,62;26,68;21,32;6,78
364;0,62;26,42;17,51;4,85
365;0,63;26,52;18,3;6,13
366;0,64;26,37;17,13;7,04
1;0,64;26,32;14,91;7,26
2;0,64;26,44;15,57;7,64
3;0,65;26,28;16,89;6,87
4;0,66;25,39;18,93;5,51
5;0,65;25,96;24,13;8,06
6;0,65;26,33;18,63;7,74
7;0,65;25,65;18,14;5,14
8;0,66;24,96;5,9;7,81
9;0,66;25,52;17,56;8,39
10;0,67;24,81;14,38;7,05
11;0,67;25,51;16,73;5,63
12;0,67;25,88;21,95;6,93
13;0,66;26,48;23;5,87
14;0,66;26,6;22,68;7,2
15;0,66;26,65;23,54;6,68
16;0,66;26,51;22,97;8,22
17;0,65;27,14;24,2;6,97
18;0,65;26,93;22,76;5,36
19;0,65;26,15;23,23;7,4
20;0,65;26,42;19,52;5,7
21;0,65;26,31;19,47;5,59
22;0,65;26,65;18,21;6,07
23;0,66;26,83;17,18;4,55
24;0,66;25,87;15,99;8,38
25;0,66;26,6;18,98;6,63
26;0,66;26,68;20,24;7,59
27;0,66;27,11;20,29;5,53
28;0,65;27,65;23,62;7,49
29;0,65;27,17;25,09;6,77
30;0,64;27,65;24,37;6,2
31;0,64;27,52;21,33;8,38
32;0,65;27,14;17,96;6,48
33;0,65;28,33;23,91;7,13
34;0,65;28,77;23,9;4,56
35;0,65;29,13;19,87;5,71
36;0,65;27,58;17,16;8,05
37;0,65;27,68;19,8;7,54
38;0,65;27,95;22,31;6,65
39;0,65;28,41;23,3;8,1
40;0,65;27,02;20,87;6,44
41;0,65;27,23;22,2;6,77
42;0,65;27,48;22,03;6,03
43;0,65;27,5;24,04;6,98
44;0,64;28,11;19,36;5,78
45;0,64;25,76;20,97;6,04
46;0,64;27,59;19,11;8,37
47;0,64;27,54;19,38;4,95
48;0,64;27,33;18,98;4,92
49;0,64;27,59;24,2;4,67
50;0,64;27,73;23,7;5,78
51;0,64;27,53;21,34;6,09
52;0,64;27,21;21,59;4,88
53;0,64;26,96;19,27;6,7
54;0,65;27,05;20,72;6,83
55;0,66;26,84;13,15;7,5
56;0,66;27,22;16,92;8,4
57;0,65;27,64;20,61;6,98
58;0,66;26,54;14,54;4,95
59;0,68;25,91;18,4;4,85
60;0,68;26,14;21,28;7,61
61;0,68;25,7;25,44;7,1
62;0,67;26,21;25,33;5,15
63;0,68;26,31;23,67;5,51
64;0,69;26,56;17,32;7,5
65;0,68;27,15;18;6,76
66;0,68;26,89;14,92;6,84
67;0,69;26,8;21,07;5,34
68;0,69;27,31;20,95;7,02
69;0,68;26,53;17,08;7,58
70;0,68;27,73;14,8;8,04
71;0,67;26,54;19,51;7,45
72;0,67;24,32;7,96;6,81
73;0,67;26,69;19,97;7,19
74;0,66;26,64;14,94;6,44
75;0,66;26,41;13,03;5,41
76;0,66;26,85;15,27;8,03
77;0,65;27,69;20,04;6,63
78;0,65;27,98;22,57;6,88
79;0,64;27,56;22,05;8,46
80;0,64;28,48;23,17;8,44
81;0,64;26,15;20,87;6,85
82;0,63;28,14;17,08;4,64
83;0,63;27,61;7,28;6,08
84;0,63;24,94;11,54;8,25
85;0,63;27,17;11,54;5,65
86;0,64;25,79;15,45;8,5
87;0,65;26,15;15,55;4,84
88;0,67;26,06;16,17;6,77
89;0,67;26,49;14,65;6,56
90;0,68;25,46;19,79;5,52
91;0,71;26,69;18,54;8,29
92;0,7;26,52;16,55;6,98
93;0,7;26,7;21,02;5,42
94;0,69;27,76;19,94;6,04
95;0,68;26,85;13,82;7,38
96;0,68;26,04;18,6;5,69
97;0,68;27,52;17,03;8,02
98;0,67;27,59;17,53;5,16
99;0,67;27,58;14,29;5,56
100;0,66;27,58;17,06;5,08
101;0,66;27,47;17,45;4,92
102;0,66;26,62;21,1;5,7
103;0,66;28,19;25,06;8,5
104;0,66;26,93;18,89;4,88
105;0,67;27,02;19,3;5,35
106;0,69;27,84;21,57;5,59
107;0,7;26,79;19,33;6,98
108;0,72;27,13;21,22;7,48
109;0,76;26,34;19,29;7,51
110;0,76;26,85;25,34;4,53
111;0,77;26,71;25,53;7,11
112;0,78;27,32;25,85;7,02
113;0,77;27,63;23,97;6,57
114;0,76;27,35;22,9;6,02
115;0,75;26,57;22,88;7,69
116;0,74;27,11;20,54;5,88
117;0,74;26,02;8,37;5,42
118;0,73;26,35;20,06;5,74
119;0,73;25,89;5,55;6,26
120;0,72;25,12;10,55;5,36
121;0,72;25,93;17,86;6,93
122;0,71;26,01;13,37;8,04
123;0,71;26,21;13,58;6,88
124;0,7;26,92;18,38;6,29
125;0,7;27,35;13,32;7,69
126;0,69;26,16;17,76;7,49
127;0,69;26,39;15,92;5,97
128;0,69;26,3;15,01;6,92
129;0,68;25,8;18,4;7,42
130;0,68;26,1;11,65;5,48
131;0,68;25,45;13,79;5,97
132;0,67;27,16;16,59;4,92
133;0,67;27,72;16,19;8,45
134;0,66;28,47;21,41;4,84
135;0,66;28,06;20,73;5,17
136;0,65;27,6;6,52;6,42
137;0,65;26,4;7,02;7,96
138;0,65;27,75;22,25;5,92
139;0,64;27,68;14,28;7,57
140;0,64;28,27;17,01;7,2
141;0,64;27,94;17,5;7,05
142;0,63;28,48;18,4;7,88
143;0,63;28,8;20,01;4,56
144;0,63;29,02;9,97;8,22
145;0,62;26,95;5,4;7,82
146;0,62;28,45;21,47;8,25
147;0,62;27,99;10,67;7,67
148;0,61;29,4;17,75;8,01
149;0,61;28,81;18,1;5,31
150;0,61;26,7;9,53;5,78
151;0,61;27,86;21,25;5,76
152;0,6;28,6;11,25;4,94
153;0,6;28,71;18,74;7,42
154;0,6;29,12;17,83;5,04
155;0,6;27,72;15,3;4,71
156;0,6;29,61;19,09;7,6
157;0,6;27,4;14,37;8,12
158;0,59;29,29;17,75;7,56
159;0,59;27,18;11,84;7,8
160;0,59;28,7;19,27;6,88
161;0,59;29,8;13,71;8,05
162;0,59;29,36;18,19;6,49
163;0,59;28,46;15,81;8,45
164;0,59;29,58;18,06;4,91
165;0,59;30,16;18,76;7,74
166;0,59;29,95;12,16;7,07
167;0,59;27,23;17,54;6,82
168;0,59;27,58;17,01;7,4
169;0,59;29,33;16,18;7,86
170;0,59;29,36;19,73;7,95
171;0,59;28,01;7,83;5,2
172;0,59;29,44;19,88;5,29
173;0,59;27,18;17,53;4,56
174;0,59;29,25;19,39;5,03
175;0,59;30,49;21,71;5,56
176;0,59;29,45;18,1;7,38
177;0,59;28,07;6,96;6,4
178;0,59;29,44;16,35;7,53
179;0,6;28,69;20,93;6,45
180;0,64;25,94;22,11;6,72
181;0,66;25,71;12,43;4,94
182;0,65;25,99;16,91;7,61
183;0,65;26,58;12,95;7,53
184;0,64;27,09;16,98;5,73
185;0,64;27;13,08;5,81
186;0,63;26,8;20,41;5,38
187;0,63;27,08;14,12;7,76
188;0,62;27,95;21,19;7,49
189;0,62;27,68;19,2;6,94
190;0,62;27,7;8,2;5,46
191;0,61;26,7;12,71;5,19
192;0,61;28,1;16,09;4,7
193;0,61;27,69;18,62;4,68
194;0,61;25,76;13,83;5,25
195;0,6;27,84;11,73;4,9
196;0,6;28,24;21,99;6,72
197;0,6;28,33;15,06;5,93
198;0,6;28,11;19,17;6,28
199;0,6;28,56;7,16;6,88
200;0,59;27,47;18,06;7,14
201;0,59;29,03;21,14;7,09
202;0,59;27,93;11,21;5,54
203;0,59;28,44;15,52;7,74
204;0,59;28,55;16,82;8,17
205;0,59;28,44;15,22;5,76
206;0,59;29,32;16,32;4,57
207;0,6;27,71;7,49;8,1
208;0,59;29,02;16,18;8,19
209;0,59;29,24;20,38;4,7
210;0,59;29,99;14,07;4,52
211;0,59;29,86;11,1;7,77
212;0,59;28,48;14,61;5,71
213;0,59;28,37;17,35;8,16
214;0,59;27,87;12,79;5,37
215;0,59;28,75;13,88;7,94
216;0,59;29;15,63;4,77
217;0,59;28,43;14,14;5,54
218;0,59;29,41;15,11;8,39
219;0,59;30,59;17,74;5,42
220;0,59;29,27;16,4;5,03
221;0,59;30,36;16,22;7,93
222;0,59;29,24;14,69;4,97
223;0,59;31,05;20,92;4,89
224;0,59;31,24;20,27;5,79
225;0,59;29,52;10,55;7,04
226;0,59;29,25;7,8;7,34
227;0,58;30,32;17,57;8,02
228;0,58;28,99;16,55;6,66
229;0,58;30,68;14,78;6,07
230;0,58;29,73;20,23;5,94
231;0,58;29,78;8,15;7,89
232;0,58;31,85;21,99;7,4
233;0,58;30,59;20,06;8,12
234;0,58;31,51;13,7;8,36
235;0,58;31,71;20,71;5,7
236;0,58;32,32;9,64;6,62
237;0,58;31,02;18,79;7,03
238;0,58;31,02;21,99;5,16
239;0,58;29,56;24,04;4,71
240;0,58;30,41;18,7;7,97
241;0,58;28,48;12,86;6,64
242;0,59;29,36;16,03;6,78
243;0,59;30,66;21,4;6,72
244;0,59;30;14,55;7,52
245;0,59;30,41;23,32;5,08
246;0,58;31,48;19,56;6,96
247;0,58;31,09;20,66;6,38
248;0,58;31,33;21,36;8,09
249;0,58;28,91;8,75;6,58
250;0,58;30,53;17,26;8,27
251;0,58;30,32;20,54;5,91
252;0,58;30,76;22,76;8,37
253;0,58;29;18,76;8
254;0,58;29,12;17,76;6,84
255;0,58;31,79;22,25;5,91
256;0,58;31,24;18,47;6
257;0,58;30,46;24,02;7,59
258;0,58;29,51;21,92;6,82
259;0,58;30,6;19,16;6,11
260;0,58;30,85;18,79;7,04
261;0,59;27,92;19,42;7,43
262;0,63;27,59;15,66;4,59
263;0,64;27,4;21,99;4,86
264;0,65;28,13;16,55;4,88
265;0,65;27,24;12,38;5,43
266;0,66;28,13;12,77;6,21
267;0,65;27,47;8,26;7,71
268;0,65;28,11;24,4;5,9
269;0,64;28,84;25,57;4,57
270;0,63;28,57;19,22;6,43
271;0,63;28,71;20,28;8,49
272;0,63;28,47;21,11;5,9
273;0,62;29,34;14,62;8,35
274;0,62;28,45;23,93;4,91
275;0,61;28,98;24,15;5,19
276;0,61;29,4;23,43;7,4
277;0,61;28,73;19,21;6,5
278;0,6;29,4;13,82;7,56
279;0,6;28,24;13,3;7,95
280;0,6;27,6;16,69;5,5
281;0,6;30,12;19,1;7,23
282;0,6;29,69;23,43;6,93
283;0,6;28,58;19,45;7,95
284;0,6;27,38;9,97;6,22
285;0,61;27,43;18,7;4,71
286;0,62;28,89;22,72;6,8
287;0,62;28,09;21,73;8,34
288;0,63;28,5;22,58;4,56
289;0,63;26,99;13,97;5,46
290;0,63;27,6;18,4;5,76
291;0,62;29,54;23;7,56
292;0,62;28,78;22,2;5,79
293;0,61;27,9;16,96;5,46
294;0,61;28,05;20,31;7,09
295;0,61;28,78;22,04;4,69
296;0,61;28,98;22,2;5,18
297;0,6;28,19;18,37;6,13
298;0,61;27,77;16,86;5,92
299;0,61;26,97;9,26;5,89
300;0,61;26,58;14,79;4,93
301;0,61;26,93;11,91;5,94
302;0,6;27,87;11,99;7,69
303;0,6;28,57;16,6;6,16
304;0,6;25,96;16,4;6,84
305;0,6;29,31;19,18;5,15
306;0,6;26,75;20,92;4,78
307;0,59;29,92;18,77;8,02
308;0,59;29,28;20,87;5,83
309;0,59;29,53;22,92;5,9
310;0,6;28,14;21,84;8,01
311;0,6;28,33;17,67;7,33
312;0,6;28,16;16,98;7,53
313;0,6;28,77;22,18;7,23
314;0,59;28,9;21,82;4,92
315;0,59;29,24;24,62;8,33
316;0,59;29,94;24,19;8,14
317;0,59;29,06;19,94;5,44
318;0,59;29,43;20,15;7,72
319;0,59;30,04;21,18;6,14
320;0,59;30,78;21,86;7,24
321;0,59;29,92;22,04;5,16
322;0,59;29,37;21,53;6,65
323;0,59;29,72;23,1;5,01
324;0,59;28,03;21,17;6,64
325;0,59;28,99;14,54;5,47
326;0,59;28,86;20,89;6,31
327;0,63;26,62;14,51;7,17
328;0,62;26,41;17,86;8,01
329;0,62;27,91;16,17;5,16
330;0,62;28,28;20,08;8,07
331;0,61;28,91;18,37;6,06
332;0,61;28,26;21,32;7,88
333;0,61;28,05;20,29;6,55
334;0,61;27,97;20,21;7,95
335;0,61;28,55;22,46;7,15
336;0,63;26,65;13,97;6,53
337;0,63;28,05;21,66;5,75
338;0,63;27,77;19,85;8,38
339;0,63;28;17,53;7,7
340;0,62;28,29;21,76;6,02
341;0,62;27,88;19,27;5,17
342;0,62;27,89;17,13;7,62
343;0,61;28,9;21,37;8,46
344;0,61;28,85;19,48;5,62
345;0,61;28,59;22,4;8,16
346;0,6;29,03;23,67;5
347;0,61;28,95;23,4;8,31
348;0,6;29,64;17,74;7,48
349;0,6;29,54;16,79;5,89
350;0,6;29,09;17,11;5,72
351;0,6;28,94;14,09;7,07
352;0,6;29,28;18,54;6,87
353;0,59;29,44;18,73;8,18
354;0,6;29,57;19,96;7,56
355;0,6;28,87;20,74;6,66
356;0,62;28,07;21,61;8,21
357;0,62;28,37;17,38;6,87
358;0,62;28,63;19,1;7,9
359;0,62;29,52;21,42;7,86
360;0,61;29,66;19,62;8,18
361;0,61;29,47;20,48;4,77
362;0,61;29,41;17,43;6,84
363;0,61;29,37;17,86;6,37
364;0,6;29,86;18,99;6,46
365;0,6;29,91;18,36;6,34
1;0,6;29,31;21,82;7,85
2;0,6;29,07;22,14;5,77
3;0,59;28,67;23,8;6,35
4;0,59;28,92;22,19;5,3
5;0,59;28,78;22,84;5,51
6;0,59;29,24;24,18;7,14
7;0,59;30,12;22,61;4,97
8;0,59;30,76;21,91;5,25
9;0,59;29,97;17,33;6,61
10;0,59;29,35;21,68;4,68
11;0,59;29,87;19,27;5,01
12;0,59;30,09;20,29;7,95
13;0,59;29,86;21,05;7,88
14;0,59;30,26;19,23;5,89
15;0,59;30,5;19,47;5,89
16;0,59;29,19;16,62;8,25
17;0,6;27,16;15,9;4,6
18;0,6;28,52;16,03;6,82
19;0,6;28,9;22,67;6,89
20;0,6;29,16;22,55;7,65
21;0,6;30,07;19,73;8,31
22;0,59;30,69;21,52;5,92
23;0,59;30,27;16,38;6,25
24;0,59;30,02;20,07;7,19
25;0,59;31,29;22,19;8,37
26;0,59;29,73;20,2;8,06
27;0,59;30,37;22,59;7,17
28;0,59;29,82;24,66;7,93
29;0,59;29,63;19,5;4,84
30;0,59;29,8;20,09;6,01
31;0,59;29,76;21,78;4,55
32;0,59;30,89;20,67;5,21
33;0,59;31,27;21,61;7,02
34;0,59;30,15;17,99;8,04
35;0,59;30,55;17,87;7,03
36;0,59;28,01;12,67;7,16
37;0,6;28,25;17,94;4,92
38;0,61;28,17;19,43;7,16
39;0,61;26,05;9,35;6,32
40;0,63;26,48;17,79;7,11
41;0,63;28,65;18,52;5,8
42;0,62;28,59;15,67;6,83
43;0,62;29,53;22,13;6,2
44;0,61;29,25;23,8;6,73
45;0,61;29,2;20,52;5,09
46;0,61;28,31;19,77;6,08
47;0,6;28,12;22,63;6
48;0,6;29,04;18,64;7,45
49;0,6;29,42;19,17;7,33
50;0,6;29,11;18,13;8,14
51;0,59;29,53;22,3;7,03
52;0,59;29,45;23,94;5,76
53;0,59;30,45;23,49;7,63
54;0,59;31,13;20,84;6,49
55;0,59;30,22;14,2;5,27
56;0,59;30,33;17,2;7,49
57;0,6;28,51;12,08;5,03
58;0,62;26,28;11,38;5,21
59;0,63;27,17;12,96;7,54
60;0,63;27,87;15,41;7,58
61;0,63;29,35;17,41;7,66
62;0,63;27,57;19,92;5,67
63;0,64;28,8;18,29;7,97
64;0,64;27,62;19,5;7,39
65;0,65;28,56;16,6;7,84
66;0,65;28,1;19,94;7,33
67;0,65;29,35;21,77;6,82
68;0,64;28,65;19,28;4,94
69;0,64;28,87;20,07;7,34
70;0,64;28,83;18,13;7,26
71;0,65;26,75;17,61;5,75
72;0,65;25,37;11,97;7,44
73;0,66;26,56;12,56;6,7
74;0,66;27,99;21,14;6,74
75;0,66;27,97;19,06;5,97
76;0,65;28,63;17,42;4,97
77;0,65;28,81;17,74;5,37
78;0,65;27,74;20,45;7,58
79;0,66;27,15;15,4;5,59
80;0,66;27,8;16,27;4,51
81;0,66;28,01;14,92;8,49
82;0,66;28,61;16,5;5,34
83;0,66;28,96;22,94;7,12
84;0,65;28,9;20,69;8,21
85;0,66;27,53;16,47;6,9
86;0,67;27,84;19,14;7,7
87;0,67;26,5;16,44;8,41
88;0,69;26,88;14,47;7,94
89;0,68;28,85;22,29;6,73
90;0,67;28,97;23,38;5,95
91;0,67;28,6;22,97;6,43
92;0,66;28,32;17,57;7,87
93;0,67;27,26;11,84;7,91
94;0,69;26,54;19,41;7,88
95;0,7;26,34;13,18;6,89
96;0,72;26,43;22,8;6,41
97;0,72;27,64;13,92;5,75
98;0,72;27,2;17,34;4,51
99;0,71;28,7;20,5;7,56
100;0,71;27,93;21,63;5,61
101;0,7;27,07;13,8;5,82
102;0,7;28,55;22,58;7,87
103;0,69;28,41;22,95;4,71
104;0,69;28,71;22,4;8,21
105;0,68;27,17;17,99;4,51
106;0,69;25,79;8,43;8,26
107;0,69;26,95;16,66;6,32
108;0,69;26,85;14,34;4,91
109;0,71;26,28;18,06;7,2
110;0,72;25,72;17,2;8,08
111;0,73;25,76;7,47;6,25
112;0,74;25,08;22,38;7,27
113;0,74;26,05;18,34;8,42
114;0,75;26,42;20,14;5,46
115;0,76;25,3;21,87;7,78
116;0,78;25,59;21,46;5,68
117;0,79;25,59;13,1;6,21
118;0,81;25,56;20,94;5,63
119;0,82;25,23;11,64;6,28
120;0,83;25,13;20,22;4,52
121;0,84;26,04;19,22;5,71
122;0,83;26,47;19,76;6,28
123;0,82;27,06;24,96;7,03
124;0,81;27,19;23,91;7,05
125;0,82;25,24;10,97;6,84
126;0,84;25,86;17,31;5,67
127;0,86;25,35;6,14;8,29
128;0,88;25,22;18,79;6,07
129;0,88;25,33;10,71;5,37
130;0,9;26,09;18,96;6,72
131;0,91;25,86;19,19;7,5
132;0,91;25,93;21,9;4,55
133;0,91;26,19;14,98;5,61
134;0,92;25,87;11,26;7,8
135;0,93;24,85;20,01;6,53
136;0,94;25,5;13,27;6,13
137;0,95;26,05;18,45;8,22
138;0,96;25,34;8,34;4,86
139;0,97;25,04;12,63;6,96
140;0,96;24,71;18,92;5,87
141;0,95;25,46;18,95;4,78
142;0,94;25,11;22,44;5,35
143;0,95;25,06;16,03;7,01
144;0,96;25,65;17,54;4,61
145;0,96;25,95;17,1;6,87
146;0,96;24,77;15,64;8,33
147;0,97;24,31;15,37;7,68
148;0,97;24,35;19,64;5,88
149;0,96;25,3;18,06;5,05
150;0,96;25,66;13,38;6,36
151;0,96;25,35;12,01;6,07
152;0,95;25,19;19,46;8,39
153;0,95;25,52;14,11;8,46
154;0,95;24,78;11,63;6,14
155;0,96;24,18;9,53;5,1
156;0,97;24,8;15;8,14
157;0,96;25,1;19,77;7,67
158;0,96;25,27;20,19;6,55
159;0,95;24,44;12,23;5,96
160;0,95;24,59;12,66;6,29
161;0,94;25,03;21,03;8,11
162;0,94;24,32;11,59;5,24
163;0,95;23,67;10,43;7,73
164;0,95;24,12;11,1;4,57
165;0,95;24,15;16,57;8,18
166;0,94;24,55;17,07;6,5
167;0,93;25,41;17,72;5,41
168;0,93;25,23;12,37;4,51
169;0,93;24,56;8,73;6,74
170;0,94;23,87;14,19;5,48
171;0,94;24,07;8,13;7,03
172;0,95;24,48;20,04;5,62
173;0,94;24,82;21,67;4,85
174;0,94;25,76;13,5;6,52
175;0,93;24,47;11,24;6,76
176;0,93;24,38;12,68;6,31
177;0,93;23,25;11,1;6,33
178;0,93;24,37;19,27;6,86
179;0,92;24,54;15,34;6,61
180;0,93;25,18;16,74;5,03
181;0,93;24,49;10,66;5,29
182;0,93;24,91;14,46;5,07
183;0,92;25;17,33;7,27
184;0,92;25,56;15,62;6,61
185;0,92;25,52;16,77;6,22
186;0,92;24,4;18,3;7,69
187;0,92;25,5;18,61;5,8
188;0,93;24,68;17,38;6,77
189;0,95;23,63;10,02;4,8
190;0,96;24,08;16,12;7,48
191;0,96;25,01;15,76;7,28
192;0,96;24,4;13,26;7,71
193;0,96;24,62;17,87;8,04
194;0,95;24,5;22,16;7,53
195;0,94;25,08;22,18;7,88
196;0,94;24,69;17,52;5,88
197;0,93;24,84;22,71;5,87
198;0,94;25,18;21,41;8,28
199;0,94;25,2;10,04;8,16
200;0,95;24,67;17,4;6,69
201;0,95;24,24;17,97;5,97
202;0,95;24,63;14,56;7,96
203;0,94;25,56;21,18;5,79
204;0,93;24,95;15,35;5,11
205;0,92;25,38;17;7,06
206;0,92;25,5;16,08;4,67
207;0,92;24,87;19,28;6,02
208;0,93;24,19;8,57;7,73
209;0,93;24,74;17,55;5,68
210;0,92;25,03;19,6;8,23
211;0,93;25,48;18,5;8,32
212;0,95;24,82;15,57;7,76
213;0,95;23,91;17,29;8,45
214;0,94;24,11;12,97;6,62
215;0,95;24,55;18,41;6,78
216;0,95;24,09;23,38;7,84
217;0,95;24,96;21,6;6,47
218;0,96;25,16;14,89;6,13
219;0,95;25,92;23,77;6,96
220;0,94;25,8;24,31;7,13
221;0,94;25,74;6,24;7,5
222;0,95;25,16;14,91;7,17
223;0,94;25,06;24,27;7,48
224;0,94;25,18;18,34;7,2
225;0,94;24,75;12,8;6,42
226;0,96;24;8,27;5,04
227;0,95;25,06;22,32;7,64
228;0,95;25,28;18,95;4,62
229;0,96;25,62;23,69;8,47
230;0,94;25,85;24,4;7,81
231;0,94;25,56;21,86;7,18
232;0,94;24,31;9,85;8,37
233;0,95;24,18;13,25;6,95
234;0,93;23,91;15,05;4,73
235;0,92;24,08;24,04;6,74
236;0,91;24,29;21,33;5,61
237;0,9;24,99;19,5;5,98
238;0,9;25,16;14,5;6,34
239;0,91;24,73;21,69;7,6
240;0,9;25,15;18,48;6,51
241;0,91;24,06;8,35;6,4
242;0,9;24,52;19,89;5,71
243;0,9;25,23;21,78;6,66
244;0,9;26,04;17,28;5,49
245;0,89;26,07;18,85;5,54
246;0,9;24,69;15,93;7,53
247;0,92;24,74;19,83;5,87
248;0,91;24,45;16,42;4,71
249;0,9;25,16;16,92;5,87
250;0,9;25,76;17,44;7,05
251;0,91;26,21;19,6;7,76
252;0,9;26,25;9,16;8,35
253;0,89;25,6;18,51;7,48
254;0,89;25,72;24,73;6,22
255;0,89;25,97;20,54;5,7
256;0,89;25,91;20,25;5,02
257;0,88;26,27;20,68;7,01
258;0,88;25,75;23,08;6,54
259;0,88;25,74;11,81;7,21
260;0,88;25,27;23,07;5,45
261;0,88;25,81;24,35;5,79
262;0,88;26,65;17,24;5,67
263;0,87;26,9;24,64;7,69
264;0,87;25,59;13,1;5,18
265;0,88;26,01;19,26;6,93
266;0,87;26,02;24,47;4,71
267;0,87;26,49;15,88;6,7
268;0,86;26,08;23,21;4,76
269;0,86;26,33;22,31;5,2
270;0,86;26,59;20,64;4,95
271;0,86;26,09;14,6;5,89
272;0,85;26,54;23,21;5,87
273;0,87;24,86;7,47;7,81
274;0,89;24,18;20,73;5,4
275;0,88;24,13;18,42;4,85
276;0,87;25,69;18,97;6,91
277;0,86;26,26;20,89;7,25
278;0,86;26,27;21,54;5,68
279;0,87;26,01;18,58;6,91
280;0,87;25,81;19,85;7,6
281;0,87;26,03;15,64;5,89
282;0,87;26,2;18,33;6,6
283;0,87;25,95;23,83;5,09
284;0,86;25,07;3,65;4,59
285;0,85;25,89;21,64;8,43
286;0,85;25,44;21,52;5,7
287;0,84;26,08;18,5;5,62
288;0,83;26,58;14,55;8,39
289;0,83;25,71;17,92;7,41
290;0,83;25,54;18,47;6,84
291;0,83;26;20,07;7,3
292;0,84;26,18;19,12;7,34
293;0,84;26,26;17,96;7,55
294;0,83;26,04;23,04;4,77
295;0,85;26,38;21,24;6,15
296;0,85;25,4;17,58;5,68
297;0,86;25,09;17,5;4,78
298;0,86;26,09;20,59;6,15
299;0,87;26,02;19,84;6,96
300;0,87;26,77;15,3;5,21
301;0,87;24,97;18,05;5,72
302;0,87;25,24;9,07;7,06
303;0,87;25,62;18,29;6,82
304;0,86;25,58;22,04;7,98
305;0,85;25,64;20,11;7,66
306;0,86;24,9;6,9;8,36
307;0,87;24,11;12,28;6,89
308;0,87;24,03;19,54;7,29
309;0,86;24,47;19,47;7,94
310;0,85;25,21;19,74;7,86
311;0,84;25,39;20,57;7,37
312;0,84;25,63;9,87;6,5
313;0,86;24,66;15,08;5,59
314;0,85;24,61;17,43;8,01
315;0,85;25,15;18,45;7,61
316;0,85;25,08;18,2;7,85
317;0,84;25,26;18,53;5,06
318;0,84;25,72;17,73;5,76
319;0,83;26,39;18,85;6,2
320;0,82;26,19;11,67;7,85
321;0,83;25,48;14,38;8,07
322;0,83;25,11;8,52;5,64
323;0,85;25,65;18,56;7,25
324;0,84;25,78;18,39;4,81
325;0,83;25,83;17,74;6,14
326;0,83;25,43;20,05;6,45
327;0,82;25,28;19,71;7,56
328;0,82;25,22;17,36;8,07
329;0,82;24,84;17,98;5,85
330;0,82;24,45;18,37;6,61
331;0,83;25,15;12,76;7,09
332;0,84;23,92;13,47;5,81
333;0,84;25,14;13,79;8,44
334;0,83;25,26;15,79;8
335;0,82;24,39;17,76;5,69
336;0,82;24,33;23;6,53
337;0,8;25,22;19,57;5,42
338;0,8;25,23;19,41;6,56
339;0,82;24,06;19,52;7,23
340;0,82;24,69;22,48;4,84
341;0,82;24,77;22,58;7,98
342;0,81;25,03;22,24;6,87
343;0,8;25,35;21,51;8,46
344;0,79;25,63;20;4,6
345;0,78;25,09;19,33;7,83
346;0,78;24,85;18,1;7,67
347;0,78;25,33;17,59;5,03
348;0,78;25,25;17,59;5,84
349;0,77;25,91;20,97;8,04
350;0,77;25,8;21,77;6,57
351;0,76;25,69;21,15;6,11
352;0,75;25,65;20,37;8,12
353;0,74;25,52;20,05;4,87
354;0,73;25,75;19,69;6,39
355;0,73;26,26;21,58;7,11
356;0,72;26,44;21,47;6,93
357;0,71;26,07;21,35;5,56
358;0,71;25,39;23,52;6,75
359;0,7;25,1;23,14;7,33
360;0,69;26,23;23,13;6,84
361;0,69;27,61;21,33;7,24
362;0,68;26,8;22,1;5,52
363;0,68;26,69;20,65;7,83
364;0,68;26,87;22,81;6,3
365;0,68;27,31;21,91;8,45
1;0,68;26,88;19,44;4,59
2;0,69;26,34;16,49;6,02
3;0,7;26,23;18,42;5,22
4;0,7;25,7;16,4;6,72
5;0,69;26,25;20,37;5,47
6;0,69;26,85;21,78;7,45
7;0,68;26,81;13,53;8,03
8;0,68;24,37;12,7;5,34
9;0,69;25,92;17,96;5,14
10;0,7;26,15;17,91;8
11;0,71;25,17;17,37;5,95
12;0,72;25,33;16,7;6,24
13;0,72;26,04;18,78;5,38
14;0,73;26,04;21,22;6,2
15;0,73;26;22,25;5,43
16;0,73;26,5;20,4;7,16
17;0,72;26,26;18,06;6,5
18;0,72;26,35;19,23;7,65
19;0,71;26,13;21,66;5,75
20;0,71;26,11;23,02;6,52
21;0,7;26,22;21,41;5,54
22;0,7;26,26;18,85;8,24
23;0,69;24,14;17,57;6,59
24;0,69;26,8;20,72;5,19
25;0,68;26,61;23,01;5,59
26;0,67;26,68;23,75;4,83
27;0,67;26,67;25,22;4,61
28;0,66;26,4;23,55;6,6
29;0,66;26,49;25,05;5,85
30;0,65;27,05;24,7;8,36
31;0,65;26,71;23,12;5,19
32;0,64;26,97;24,14;7,68
33;0,64;27,31;24,19;5,76
34;0,63;28,14;24,51;5,39
35;0,63;28,47;22,94;8,38
36;0,63;26,43;15,43;7,71
37;0,63;27,88;21,59;7,02
38;0,62;28,09;19,83;7,29
39;0,62;28,98;22,15;8,47
40;0,62;28,95;20,04;6,87
41;0,61;28,94;17,51;4,91
42;0,61;28,93;18,41;4,76
43;0,61;28,64;20,15;7,17
44;0,61;29,18;20,01;7,13
45;0,61;28,72;20,19;7,49
46;0,62;28,48;17,85;4,94
47;0,63;28,04;15,26;8,28
48;0,63;28,04;22,33;6,7
49;0,62;27,81;21,85;7,1
50;0,62;28,03;25,65;4,64
51;0,62;28,59;21,2;8,34
52;0,61;28,21;21,82;6,75
53;0,61;28,64;22,63;6,75
54;0,61;28,67;22,94;8,27
55;0,6;29,14;25,26;8,22
56;0,6;29,61;25;5,38
57;0,6;29,85;24,54;8,22
58;0,6;29,97;23,29;7,45
59;0,6;27,43;16,4;4,58
60;0,61;27,65;12,5;5,46
61;0,61;29,13;12,26;6,15
62;0,6;28,83;14,52;6,83
63;0,6;28,62;16,22;7,31
64;0,6;27,73;20,05;5,34
65;0,6;30,1;20,57;7,85
66;0,6;29,4;20,28;7,88
67;0,6;27,98;20,34;7,04
68;0,62;25,95;7,19;8,18
69;0,63;25,85;15,49;7,75
70;0,66;26,16;10,89;5,39
71;0,69;26,28;11,74;7,69
72;0,69;28,06;17,9;8,31
73;0,7;27,4;22,98;5,05
74;0,69;28,01;24,47;8,41
75;0,69;28,79;26,64;4,6
76;0,68;29,01;20,19;6,59
77;0,68;27,9;23,69;7,6
78;0,68;27,63;25,5;7,66
79;0,67;28,34;22,32;7,44
80;0,66;28,2;21,52;6,62
81;0,66;28,41;22,77;7,1
82;0,65;28,82;22,57;7,3
83;0,65;29,27;23,82;6,48
84;0,64;29,59;22,63;6,88
85;0,64;28,35;13,83;7,89
86;0,64;29,03;18,49;5,75
87;0,63;28,91;17,06;6,59
88;0,63;27,77;17,39;4,53
89;0,63;29,38;17,91;7,25
90;0,63;28,88;15,88;5,28
91;0,64;26,54;12,01;6,42
92;0,66;27,24;15,75;5,34
93;0,66;29,27;22,67;4,59
94;0,65;29,51;20,86;6,43
95;0,65;29,17;19,63;6,2
96;0,65;28,37;16,85;6,2
97;0,66;26,86;11,19;5,34
98;0,67;25,86;12,29;8,29
99;0,66;26,91;13,89;4,51
100;0,66;27,31;17,6;8,07
101;0,66;27,85;13,61;7,45
102;0,67;27,73;17,9;5,19
103;0,66;29,54;20,3;6,39
104;0,66;29,42;21,31;8,46
105;0,66;28,72;19,51;7,07
106;0,67;25,79;13;5,01
107;0,7;25,92;15,91;6,33
108;0,71;27,37;5,3;6,37
109;0,71;27,75;15,29;7,71
110;0,7;27,62;11,9;8,16
111;0,7;26,91;16,34;4,83
112;0,7;25,02;11,14;5,76
113;0,72;25,05;15,3;5,69
114;0,76;24,93;12,6;8,48
115;0,76;25,31;15,93;6,74
116;0,76;26;18,28;8,02
117;0,76;27,09;18,75;6,2
118;0,77;26,67;17,08;7,39
119;0,77;26,52;19,3;5,65
120;0,76;26,67;20,22;8,15
121;0,76;27,76;21,99;6,32
122;0,76;27,74;23,28;7,71
123;0,76;27,73;24,73;5,52
124;0,77;27,18;23,77;7,27
125;0,77;28,51;23,09;6,12
126;0,76;27,58;22,31;4,63
127;0,75;27,33;22,39;6,15
128;0,75;27,18;19,16;6,7
129;0,75;26,57;6,22;5,11
130;0,78;25,62;14,71;5,24
131;0,78;26,61;20,16;6,36
132;0,77;26,31;19,4;5,87
133;0,78;26,19;8,2;6,26
134;0,81;26,59;15,59;6,34
135;0,8;26,69;10,88;5,06
136;0,8;27,44;22,11;5,22
137;0,8;26,69;12,36;7,89
138;0,79;27,23;14,7;5,15
139;0,79;27,41;19,72;7,16
140;0,79;27,55;17,84;6,17
141;0,8;27,35;12,37;8,37
142;0,81;26,66;16,02;4,76
143;0,8;27,11;20,32;7,82
144;0,8;26,72;18,97;6,47
145;0,82;25,25;20,31;4,52
146;0,85;25,5;17,09;5,55
147;0,85;25,67;11,69;6,13
148;0,86;26,78;23,47;5,76
149;0,85;26,8;13,88;5,95
150;0,85;26,11;11,99;8,17
151;0,85;25,41;17,31;5,94
152;0,84;25,53;13,13;6,18
153;0,84;24,98;17,98;7,54
154;0,84;24,84;23,47;7,68
155;0,83;25,65;17,04;4,84
156;0,83;25,41;14,23;7,32
157;0,82;25,6;18,12;6,43
158;0,82;25,65;20,22;5,04
159;0,84;25,27;6,34;5,56
160;0,85;26,32;20,03;4,68
161;0,84;26,59;20,18;5,94
162;0,84;25,78;14,7;5,52
163;0,86;26,2;13,5;6,03
164;0,85;26,81;22,45;6,82
165;0,85;25,18;9,13;7,43
166;0,88;24,63;18,65;6,92
167;0,89;24,19;8,77;7,21
168;0,9;24,5;14,39;7,96
169;0,89;24,67;18,97;8
170;0,88;25,38;20,37;7,94
171;0,87;25,78;15,04;5,11
172;0,87;26,3;15,15;5,5
173;0,88;26,39;15,83;6,51
174;0,89;25,71;18,06;5,93
175;0,89;25,27;12,26;5,03
176;0,88;25,14;16,57;5,65
177;0,88;25,02;13,55;8,4
178;0,89;25,33;18,39;5,89
179;0,88;25,49;17,69;6,18
180;0,88;25,18;15,37;4,53
181;0,87;25,32;17,14;7,38
182;0,86;25,87;19,82;6,15
183;0,87;25,82;19,13;4,91
184;0,86;25,87;15;8,37
185;0,87;25,45;17,63;7,61
186;0,87;25,04;6,35;7,4
187;0,86;25,65;19,53;8,33
188;0,86;25,98;19,75;6,13
189;0,86;25,81;15,11;7,37
190;0,86;26,13;23,47;5,32
191;0,85;25,31;11,94;7,29
192;0,86;25,74;17,4;4,56
193;0,86;26,4;20,17;5,01
194;0,86;26,27;23,63;6,2
195;0,86;25,68;8,59;4,55
196;0,85;25,72;19,19;6,35
197;0,85;26,25;19,24;6,59
198;0,85;25,76;9,24;6,99
199;0,86;25,84;21,29;4,9
200;0,85;25,26;16,23;5,22
201;0,85;25,99;20,65;6,95
202;0,85;26,11;18,14;7,13
203;0,85;25,69;17,47;4,6
204;0,84;26,36;13,87;6,66
205;0,84;25,09;21,37;7,64
206;0,84;25,75;16,88;4,78
207;0,83;26,34;22,91;6,15
208;0,84;26,02;4,73;5,81
209;0,85;25,99;15,48;8,15
210;0,85;26,55;17,92;5,24
211;0,84;25,47;15,2;5,77
212;0,84;25,33;18,84;8,09
213;0,83;25,72;18,24;5,82
214;0,82;25,84;15,75;6,63
215;0,82;25,79;21,84;4,63
216;0,82;25,67;15,25;8,44
217;0,82;26,06;18,31;7,8
218;0,82;25,84;18,92;7,04
219;0,82;26,66;16,5;4,74
220;0,81;27,26;23,78;4,8
221;0,8;26,58;20,91;6,68
222;0,8;25,94;13,53;5,64
223;0,8;26,46;22,5;6,99
224;0,79;26,74;19,49;6,89
225;0,79;27,13;19,25;7,85
226;0,79;27,02;17,32;5,63
227;0,8;25,97;17,79;6,81
228;0,8;26,28;14,12;7,61
229;0,79;27,3;23,54;6,46
230;0,79;27,54;12,98;7,82
231;0,78;27,78;20,81;5,03
232;0,79;26,76;12,17;7,44
233;0,79;26,03;18,23;8,27
234;0,82;26,65;21,47;5,83
235;0,81;27,68;21,85;5,97
236;0,8;26,86;21,05;4,83
237;0,81;26,77;24,53;7,07
238;0,8;27,03;23,61;6,71
239;0,8;26,69;19,27;4,66
240;0,8;26,79;19,04;7,51
241;0,8;27,21;24,17;7,82
242;0,8;26,91;20,72;8,13
243;0,8;27,03;24,42;6,68
244;0,79;27,58;23,9;6,31
245;0,79;27,41;19,56;8
246;0,8;27,46;19,51;6,09
247;0,8;27,15;18,45;7,12
248;0,79;27,11;19,25;6,96
249;0,79;27,34;24,26;5,99
250;0,79;26,89;20,87;4,85
251;0,79;27,2;17,6;4,59
252;0,79;26,96;16,22;6,21
253;0,79;26,84;18,4;6,42
254;0,79;27,16;24,48;7,79
255;0,78;27,12;13,18;6,16
256;0,77;27,77;20,18;5,62
257;0,77;27,15;15,48;6,35
258;0,76;27,72;24,12;5,45
259;0,76;27,23;20,8;4,87
260;0,77;27,35;15,18;4,95
261;0,78;27,19;19,09;5,78
262;0,78;26,78;19,64;4,55
263;0,77;26,96;23,11;5,38
264;0,76;27,61;23,41;7,65
265;0,76;26,7;13,01;5,44
266;0,77;26,47;22,57;4,94
267;0,77;26,9;16,55;8,3
268;0,76;27,76;21,86;6,99
269;0,75;28,7;23,43;4,74
270;0,74;28,59;22,16;4,75
271;0,74;27,68;23,63;6,95
272;0,77;28,02;23,77;6,66
273;0,77;28,2;22,01;4,77
274;0,77;27,51;22,86;5,4
275;0,76;27,37;22,98;8,22
276;0,76;27,17;18,48;6,79
277;0,76;28,2;20,31;6,26
278;0,76;28,31;21,91;5,5
279;0,76;28,14;20,32;5,03
280;0,76;27,94;17,09;6,11
281;0,77;27,71;21,94;8,19
282;0,77;27,95;23,6;4,69
283;0,8;27,11;12,32;8,46
284;0,79;27,44;20,87;5,33
285;0,78;28,03;23,17;6,14
286;0,78;27;18,61;4,68
287;0,77;27,62;22,39;6,84
288;0,77;27,4;11,82;6,43
289;0,77;27,23;13,86;7,17
290;0,76;27,42;24,04;6,67
291;0,75;27,82;18,62;6,09
292;0,74;27,86;20,16;7,45
293;0,74;27,93;19,8;4,6
294;0,73;27,23;16,57;6,66
295;0,76;26,5;8,11;4,96
296;0,75;27,25;21,72;6,24
297;0,75;27,91;20,57;7,66
298;0,76;27,34;15,37;5,07
299;0,76;27,15;15,04;8,24
300;0,77;26,73;18,37;8,05
301;0,77;26,34;17,73;6,16
302;0,79;26,06;9,22;4,52
303;0,79;26,7;22,44;7,66
304;0,79;26,26;16,47;8,02
305;0,81;25,91;14,26;5,2
306;0,82;25,79;20,68;8,16
307;0,83;24,62;19,41;8,16
308;0,84;25,05;16,56;6,39
309;0,84;27,01;19,9;7,69
310;0,84;27,08;14,01;6,28
311;0,85;26,31;14,91;6,76
312;0,84;27,18;21,09;5,78
313;0,84;26,73;14,78;5,14
314;0,85;26,23;11,11;7,49
315;0,87;25,9;16,28;4,51
316;0,88;26,36;14,71;6,82
317;0,87;26,57;19,03;7,96
318;0,86;26,38;15,9;5,39
319;0,85;26,99;20,45;5,83
320;0,85;26,94;23,28;6,85
321;0,84;27,09;22,32;5,49
322;0,84;26,77;19,82;7,89
323;0,84;26,33;19,29;5,97
324;0,83;26,59;21,71;6,83
325;0,83;26,43;21,1;5,4
326;0,83;26,97;19,68;4,67
327;0,82;26,52;20,2;5,19
328;0,83;26,22;18,32;4,68
329;0,83;25,84;15,61;6,37
330;0,82;24,83;14,5;6,85
331;0,81;26,45;17,66;4,68
332;0,8;27,09;20,35;4,86
333;0,79;26,96;18,5;6,44
334;0,79;26,2;19,52;7,7
335;0,78;26,16;21,65;7,01
336;0,77;26,55;22,87;4,92
337;0,76;27,12;21,71;8,05
338;0,75;27;21,72;8,17
339;0,75;27,23;22,63;5,8
340;0,74;27,57;21,06;6,96
341;0,73;27,34;22,64;6,47
342;0,73;26,73;15,24;8,27
343;0,73;26,66;14,48;6,53
344;0,74;26,57;17,13;8,34
345;0,73;27,41;22,39;5,3
346;0,72;28,07;20,82;5,88
347;0,72;28,09;20,31;7,63
348;0,71;27,53;18,86;7,63
349;0,72;26,72;14,53;7,43
350;0,72;26,97;10,77;7,94
351;0,74;26,72;14,54;7,31
352;0,75;26,18;19,5;7,04
353;0,75;26,72;18,9;6,34
354;0,75;27,83;18,14;6,37
355;0,74;27,63;17,05;6,12
356;0,74;27,62;19,5;6,98
357;0,73;27,83;18,59;6,13
358;0,73;27,44;15,71;5,09
359;0,74;26,94;13,85;4,93
360;0,75;27,48;11,84;8,2
361;0,75;26,62;17,87;4,6
362;0,75;26,39;15,85;4,92
363;0,75;27,05;19,44;6,28
364;0,75;27,66;20,03;5,55
365;0,74;27,67;18,66;6,12
1;0,74;27,46;20,96;4,97
2;0,73;27,47;19,98;5,02
3;0,72;27,51;22,21;7,7
4;0,71;27,44;22,42;7,54
5;0,71;27,34;22,53;4,92
6;0,7;27,78;23,21;7,17
7;0,69;28,09;23,16;6,94
8;0,69;27,86;23,07;7,35
9;0,68;28,08;23,12;6,4
10;0,67;29,34;23,01;5,58
11;0,67;28,94;21,14;7,15
12;0,66;28,88;22,1;5,99
13;0,66;29,08;21,7;5,38
14;0,65;29,18;23,4;6,13
15;0,65;28,92;22,53;7,55
16;0,64;29,28;22,93;6,4
17;0,64;30,04;22,72;5,7
18;0,63;30,09;23,04;7,83
19;0,63;30,73;22,88;8,03
20;0,63;30,5;20,69;6,23
21;0,62;30,8;21,12;6
22;0,62;30,48;21,48;6,95
23;0,61;29,96;23,78;4,73
24;0,61;30,9;24,01;7,27
25;0,61;30,81;23,89;7,63
26;0,61;30,46;24,61;6,09
27;0,6;31,3;24,33;5,2
28;0,6;30,96;23,24;4,62
29;0,6;31,16;24,41;7,05
30;0,6;30,85;20,53;5,58
31;0,6;30,76;16,41;6,36
32;0,61;29,95;13,87;6,05
33;0,63;28;11,89;5,2
34;0,63;27,67;15,83;6,53
35;0,63;27,77;16,69;6,34
36;0,63;26,32;18,91;7
37;0,63;29,09;12,34;5,51
38;0,63;29,09;21,71;5,36
39;0,63;29,29;15,1;7,76
40;0,63;29,16;13,82;7,31
41;0,63;29,94;20,91;7,59
42;0,62;30,49;23,63;4,99
43;0,62;30,29;24,76;5,4
44;0,62;29,97;25,07;6,8
45;0,61;31,04;22,66;7,93
46;0,61;30,33;19,16;8,07
47;0,61;29,46;9,69;7,83
48;0,61;30,33;18,94;4,67
49;0,61;31,34;22,73;7,78
50;0,61;32,08;24,78;8,1
51;0,6;31,45;24,25;4,73
52;0,6;31,26;22,12;6,17
53;0,6;30,56;23,84;6,65
54;0,6;30,48;24,94;5,43
55;0,6;30,68;25,37;6,57
56;0,6;31,59;23,37;8,04
57;0,6;29,22;19,5;7,97
58;0,6;29,81;18;8,26
59;0,59;30,35;20,54;6,44
60;0,59;31,32;23,93;6,14
61;0,59;31,23;22,5;7,16
62;0,59;31,31;20,23;6,17
63;0,59;31,5;22,44;4,67
64;0,59;32,26;23,46;7,38
65;0,59;32,6;21,57;5,62
66;0,59;31,92;20,24;4,7
67;0,59;30,78;17,94;4,58
68;0,61;30,28;16,09;8,23
69;0,61;29,41;13,62;5,51
70;0,62;29,49;16,26;6,29
71;0,62;29,88;18,36;8,3
72;0,61;30,37;16,51;6,37
73;0,61;30,43;17,78;4,81
74;0,61;30,86;18,77;6,71
75;0,61;30,46;19,48;4,85
76;0,6;30,8;19,39;4,88
77;0,6;30,75;18,46;7,91
78;0,6;31,45;11,25;5,66
79;0,6;30,23;18,54;7,21
80;0,6;29,92;20,67;6,54
81;0,61;29,92;19,15;5,39
82;0,61;31,19;20,69;6,57
83;0,61;29,59;17,88;4,78
84;0,62;28,83;16,88;5,89
85;0,62;28,69;17,24;6,59
86;0,64;29,17;9,7;5,41
87;0,64;29,55;15,27;7,14
88;0,64;28,91;8,29;4,71
89;0,65;28,34;16,04;6,44
90;0,66;28,74;12,59;7,36
91;0,66;29;12,62;6,22
92;0,65;29,53;16,89;8
93;0,66;27,43;5,8;7,03
94;0,68;27,3;14,07;8,33
95;0,7;28;9,23;5,64
96;0,7;27,74;14,07;8,26
97;0,71;26,16;16,33;6,93
98;0,71;28,68;16,16;7,48
99;0,71;28,51;21,54;8,11
100;0,71;29,1;19,85;6,7
101;0,7;29,38;23,36;7,95
102;0,69;29,6;22,5;6,67
103;0,68;28,99;21,36;6,9
104;0,68;29,66;20,04;6,28
105;0,67;29,82;22,72;5,08
106;0,66;30,2;21,59;6,71
107;0,66;30,24;19,92;8,41
108;0,65;29,4;12,59;7,65
109;0,65;27,63;5,81;7,49
110;0,65;27,55;20,8;7,07
111;0,68;26,06;12,68;5,89
112;0,72;28,27;22,06;5,18
113;0,75;25,9;10,08;5,4
114;0,75;27,45;20,15;4,53
115;0,74;27,46;18,4;7,19
116;0,76;27,46;17,79;7,75
117;0,77;26,77;16,36;5,58
118;0,77;27,26;16,19;4,87
119;0,78;26,5;19,19;5,84
120;0,81;26,3;15,74;5,67
121;0,82;26,9;23,34;6,3
122;0,81;27,84;18,09;5,56
123;0,81;28,01;19;5,86
124;0,8;27,9;16,01;8,13
125;0,81;26,82;15,48;5,84
126;0,83;26,2;9,29;7,64
127;0,83;26,71;20,54;7
128;0,82;27,94;21,79;5,85
129;0,82;27,68;14,41;7,77
130;0,83;26,28;5,07;6,88
131;0,83;26,09;13,31;4,53
132;0,83;27,19;19,47;4,77
133;0,83;27,25;15,25;7,51
134;0,86;26,97;23,71;6,29
135;0,85;26,83;21,05;6,12
136;0,85;27,62;17,44;5,08
137;0,85;26,21;9,78;5,13
138;0,85;27,65;22,38;7,69
139;0,85;26,13;6,63;7,82
140;0,85;26,52;18,79;6,74
141;0,86;25,12;12,28;5,68
142;0,88;25,76;17,46;8,23
143;0,87;26,95;18,81;7
144;0,86;26,86;19,26;7,69
145;0,86;26,96;19,13;4,51
146;0,88;26,24;9,36;6,3
147;0,88;25,86;20,01;7,98
148;0,88;26,13;14,84;5,85
149;0,9;26,32;19,29;7,41
150;0,91;25,77;16,72;7,13
151;0,91;25,74;14,4;5,11
152;0,91;25,49;14,54;7,6
153;0,91;26,12;19,29;4,95
154;0,9;26,18;20,9;7,41
155;0,9;26,23;11,21;8,46
156;0,93;25,61;17,98;8,33
157;0,92;25,71;13,99;7,7
158;0,92;26,73;20,82;6,64
159;0,91;26,1;15,96;7,2
160;0,91;25,8;9,08;7,41
161;0,91;25,69;17,67;4,53
162;0,91;26,11;13,49;4,91
163;0,91;25,82;13,05;6,89
164;0,91;25,75;14,18;4,53
165;0,91;25,53;16,48;8,14
166;0,91;25,95;14,64;6,46
167;0,93;26,09;13,18;5,53
168;0,94;26,14;20,63;6,08
169;0,93;26,43;12,73;7,9
170;0,93;26,03;19,82;8,21
171;0,93;25,29;18,6;4,96
172;0,93;24,53;13,06;7,61
173;0,93;24,91;14,18;6,81
174;0,93;26,05;17,3;6,84
175;0,92;25,29;15,45;7,62
176;0,92;25,28;16,28;5,39
177;0,93;25,33;19,39;6,62
178;0,92;25,76;20,89;5,78
179;0,91;25,58;22,57;4,88
180;0,91;25,74;14,54;4,92
181;0,91;25,55;12,93;5,05
182;0,93;24,72;21,41;6,96
183;0,92;25,95;16,85;4,92
184;0,92;25,49;17,46;6,78
185;0,92;25,37;20,93;6,85
186;0,91;25,23;17,93;8,12
187;0,91;24,79;8,77;7,01
188;0,92;24,85;13,9;8,44
189;0,92;24,8;18,95;4,62
190;0,91;25,67;12,64;7,32
191;0,9;25,36;15,65;4,61
192;0,9;26,15;21,73;7,42
193;0,89;26,53;21,66;6,04
194;0,89;25,73;7,77;6,95
195;0,9;24,85;19,87;5,74
196;0,9;24,82;14,1;5,14
197;0,91;25,03;13,38;7,39
198;0,9;24,59;20,27;8,12
199;0,89;24,49;17,73;5,23
200;0,88;23,98;15,56;8,18
201;0,87;24,62;16,09;5,06
202;0,86;25,27;13,94;7,44
203;0,86;24,92;17,25;8,34
204;0,88;24,71;12,65;5,09
205;0,88;25,17;19,39;6,24
206;0,88;25,14;12,75;5,85
207;0,87;25,77;19,34;6,05
208;0,88;25,46;10,77;7,51
209;0,88;25,54;18,43;7,14
210;0,87;25,77;12,34;8,37
211;0,86;26,08;21,23;5,24
212;0,86;25,01;11,74;6,67
213;0,86;25,11;16,32;6,3
214;0,85;26,11;19,89;8,18
215;0,84;26,64;21,57;4,54
216;0,83;26,41;20,03;8,46
217;0,82;26,32;18,37;6,42
218;0,83;25,8;12,47;7
219;0,84;26,33;17,08;5,94
220;0,83;27,13;20,89;7,91
221;0,82;26,71;20,49;6,75
222;0,84;26,52;15,35;7,15
223;0,85;26,47;19,59;7,1
224;0,85;25,61;16,87;5,96
225;0,84;25,65;15,73;4,8
226;0,84;24,28;15,87;7,73
227;0,85;25,75;19,38;5,66
228;0,85;26,3;19,63;7,9
229;0,85;25,49;18,34;6,93
230;0,84;26,53;24,6;5,91
231;0,83;27,03;21,33;6,88
232;0,83;26,46;17,79;7,08
233;0,82;27,72;22,68;7,33
234;0,8;27,57;21,83;7,79
235;0,8;27,16;17,29;5,14
236;0,8;26,85;8,27;8,28
237;0,81;27,18;21,15;6,14
238;0,81;26,37;14,62;7,94
239;0,8;26,93;21,28;5,38
240;0,79;26,42;19,39;4,62
241;0,79;25,35;10,21;6,79
242;0,81;25,86;21,61;5,8
243;0,8;26,63;18,19;8,44
244;0,79;26,09;16,03;4,92
245;0,78;26,14;10,53;4,69
246;0,78;26,41;19,36;4,68
247;0,78;27,05;21,89;5,37
248;0,77;27,76;16,13;6,82
249;0,76;27,61;22,5;6,52
250;0,76;27,48;20,57;5,9
251;0,75;26,81;18,33;4,86
252;0,74;27,9;15,65;5,43
253;0,73;27,59;18,21;5,24
254;0,73;27,51;16,24;7,48
255;0,72;28,46;22,38;7,62
256;0,72;27,77;17,13;7,61
257;0,74;26,82;9,16;8,38
258;0,76;28,26;24,53;8,04
259;0,75;28,47;22,94;6,49
260;0,74;27,94;21,36;6,16
261;0,74;27,7;11,53;8,16
262;0,74;27,66;20,54;6,94
263;0,74;27,59;21,38;5,68
264;0,74;27,9;15,9;6,76
265;0,73;28,39;21,73;8,47
266;0,73;28,27;17,82;7,9
267;0,72;27,58;16,16;5,63
268;0,72;28,39;24,03;8,31
269;0,71;27,65;18,7;8,43
270;0,71;28,64;23,25;5,42
271;0,7;27,82;22,83;8,08
272;0,72;27,17;13,67;8,03
273;0,75;26,44;12,05;4,66
274;0,74;26,66;18,27;7,18
275;0,73;27,7;23,87;5,72
276;0,73;28,39;23,25;7,2
277;0,72;27,61;22,12;8,15
278;0,72;27,06;22,51;6,5
279;0,73;26,59;16,67;6,16
280;0,74;26,16;6,24;8,19
281;0,75;26,56;19,5;8,4
282;0,76;27,12;15,36;4,75
283;0,75;27,13;18,34;8,19
284;0,77;26,79;17,39;4,83
285;0,77;27,92;22,04;5,85
286;0,76;27,44;20,5;7,55
287;0,76;27,59;21,94;7,61
288;0,75;27,57;22,7;7,4
289;0,74;27,38;15,94;4,66
290;0,74;27,49;24,44;5,03
291;0,73;27,94;22,09;8,24
292;0,73;28,17;22,7;4,83
293;0,73;27,51;20,09;4,81
294;0,74;28,19;23,13;7,84
295;0,74;28,05;23,04;7,07
296;0,75;27,72;19,33;5,91
297;0,76;28,01;20,15;5,16
298;0,75;28,23;22,56;8,04
299;0,74;28,25;19,71;8,45
300;0,75;27,68;18,88;4,7
301;0,75;27,54;15,7;6,72
302;0,74;28,02;19,81;5,55
303;0,74;27,17;7,71;7,83
304;0,75;26,93;23,75;5,88
305;0,75;27,88;21,07;7,36
306;0,74;28,39;20;6,66
307;0,73;27,56;18,51;6,67
308;0,75;25,73;15,68;7,93
309;0,76;25,37;10,42;6,38
310;0,75;28,11;19,48;7,88
311;0,74;27,88;20,61;5,95
312;0,74;27,98;20;5,2
313;0,74;27,86;18,99;6,32
314;0,73;26,5;14,92;6,49
315;0,73;27,03;15;6,41
316;0,73;27,77;20,5;7,73
317;0,73;27,26;20,05;6,76
318;0,73;27,67;18,77;8,05
319;0,73;26,54;12,87;6,56
320;0,74;27,27;20,93;5,4
321;0,76;25,97;14,14;5,02
322;0,76;27,13;17,15;7,97
323;0,76;26,94;19,39;4,72
324;0,78;26,43;18,65;4,97
325;0,78;27,06;19,36;4,75
326;0,78;26,84;15,22;6,19
327;0,79;26,63;10,31;6,63
328;0,81;26,22;14,27;4,58
329;0,8;26,19;18,07;6,56
330;0,79;26,94;18,37;6,08
331;0,78;27,8;20,48;7,59
332;0,78;27,53;19,98;7,82
333;0,78;26,56;15,78;7,24
334;0,78;27,44;21,76;6,39
335;0,76;27,94;16;5,36
336;0,76;27,88;16,27;7,89
337;0,75;27,94;20,59;5,87
338;0,74;27,91;20,99;5,93
339;0,73;27,95;21,32;8,16
340;0,73;27,72;20,84;8,4
341;0,72;26,85;19,3;8,09
342;0,71;26,69;23,11;8,49
343;0,7;27,5;22,19;7,98
344;0,7;28,14;21,27;7,32
345;0,69;28,25;22,06;5,68
346;0,68;28,65;21,38;8,31
347;0,68;28,45;21,66;8,01
348;0,69;28,17;19,92;5,46
349;0,68;27,91;21,13;6,46
350;0,68;28,42;21,16;4,78
351;0,68;27,33;19,38;8,31
352;0,69;27,65;13,4;6,79
353;0,69;28,43;15,42;5,48
354;0,68;28,4;20,45;5,67
355;0,68;28,08;19,5;8,42
356;0,69;28,06;8,7;6,96
357;0,69;27,9;16,83;6,18
358;0,69;26,49;18,2;6,5
359;0,69;27,53;18,02;4,89
360;0,68;28,49;20,79;4,8
361;0,68;27,87;20,32;6,87
362;0,69;27,47;18,64;6,55
363;0,7;27,61;17,34;5,94
364;0,71;26,42;19,49;6,76
365;0,71;27,86;19,37;4,79
366;0,7;28,53;21,34;8,28
