DIA;TEMPERATURA;HUMEDAD RELATIVA;RADIACIÓN SOLAR;Ph;;;;
335;15,48;86,87;3,18;5,18;;;;
336;16,08;85,71;8,88;4,86;;;;
337;16,45;84,43;15,22;7,69;;;;
338;15,56;84,38;2,62;6,48;;;;
339;16,3;77,39;8,02;6,05;;;;
340;16,36;79,95;14,71;8,30;;;;
341;16,04;80,87;6,44;5,98;;;;
342;16,12;79,58;6,97;5,17;;;;
343;16,71;82,11;6,22;5,60;;;;
344;17,01;80,54;4,89;5,46;;;;
345;16,98;79,67;17,82;6,49;;;;
346;17,18;80,47;17,86;5,67;;;;
347;17,5;82,72;6,85;6,56;;;;
348;16,71;85,59;4,2;7,18;;;;
349;15,79;87,62;2,98;7,61;;;;
350;15,84;81,65;4,86;7,34;;;;
351;16,06;81,56;2,76;5,32;;;;
352;15,79;86,31;6,19;4,96;;;;
353;16,44;83,52;4,35;6,67;;;;
354;16,56;77,67;5,79;5,30;;;;
355;15,83;81,64;13,39;4,84;;;;
356;16,51;81,22;15,8;6,61;;;;
357;16,67;77,63;13,26;5,81;;;;
358;16,41;77,07;20,21;7,52;;;;
359;16,16;84,19;18,84;5,76;;;;
360;16,12;78,76;6,27;8,41;;;;
361;16,59;77,48;12,83;7,53;;;;
362;16,09;79,97;6,85;4,73;;;;
363;17,04;81,37;10,34;6,54;;;;
364;17,57;80,97;8,75;6,75;;;;
365;16,29;84,95;8,7;7,28;;;;
1;16,91;83,04;9,5;6,49;;;;
2;15,74;85,19;0,44;6,43;;;;
3;17,32;79,12;15,15;5,97;;;;
4;17,83;78,88;13,73;5,59;;;;
5;17,52;84,26;15,23;8,28;;;;
6;17,57;84,68;4,87;5,77;;;;
7;17,9;81,49;13,22;4,75;;;;
8;16,46;92,97;6,86;5,17;;;;
9;17,64;84,91;3,58;7,93;;;;
10;17,27;86,62;6,41;6,85;;;;
11;16,66;84,97;8,64;7,62;;;;
12;17;85,1;4,48;7,74;;;;
13;16,63;87,93;10,7;7,79;;;;
14;18,42;77,67;16,08;6,70;;;;
15;18,85;75,48;19,08;5,21;;;;
16;18,3;75,78;18,68;5,09;;;;
17;18,55;78,17;7,91;6,80;;;;
18;18,99;77,61;16,98;5,97;;;;
19;19;75,73;19,48;6,73;;;;
20;18,03;78,33;7,11;6,49;;;;
21;18,18;78,86;4,61;6,91;;;;
22;18,03;82,72;8,81;4,63;;;;
23;18,77;77,14;13,55;4,63;;;;
24;18,12;77,29;11,32;7,39;;;;
25;18,57;76,92;8,5;5,27;;;;
26;18,84;75,05;16,95;7,11;;;;
27;18,28;66,98;21,41;6,69;;;;
28;18,47;68,59;20,07;8,43;;;;
29;18,41;78,94;15,35;7,84;;;;
30;17,03;85,49;14,5;6,15;;;;
31;17,7;77,8;15,41;6,97;;;;
32;17,81;73,5;16,14;4,97;;;;
33;17,32;78,12;11,62;6,05;;;;
34;18,5;80,49;5,53;7,44;;;;
35;17,71;85,01;5,26;6,99;;;;
36;17,51;83,35;2,9;6,44;;;;
37;17,59;81,81;4,16;5,21;;;;
38;17,64;84,41;3,93;7,71;;;;
39;17,61;85,92;1,18;5,59;;;;
40;17,45;80,54;0,64;7,78;;;;
41;18,4;81,37;3,49;6,95;;;;
42;17,75;81,03;8,48;5,99;;;;
43;17,21;80,89;3,26;4,66;;;;
44;17,75;78,85;4,57;5,43;;;;
45;18,42;80,87;2,65;8,06;;;;
46;18,45;81,78;3,94;7,77;;;;
47;17,09;83,75;6,2;6,80;;;;
48;17,73;84,71;2,2;6,37;;;;
49;18,32;81,27;2,14;7,09;;;;
50;17,36;85,86;9,26;6,36;;;;
51;18,21;82,79;3,16;7,08;;;;
52;17,27;88,55;1,13;5,73;;;;
53;17,31;80,02;3,17;7,85;;;;
54;17,53;81,41;1,48;7,31;;;;
55;17,68;88,35;3,06;5,82;;;;
56;17,21;88,52;2,14;7,82;;;;
57;18;82,04;3,33;6,45;;;;
58;19,1;80,39;7,82;5,20;;;;
59;18,56;80,3;3,33;4,81;;;;
60;18,87;79,03;1,53;7,30;;;;
61;18,53;84,02;0,73;7,96;;;;
62;18,32;84,69;0,4;7,73;;;;
63;18,15;84,11;0,43;7,12;;;;
64;17,76;83,41;1,94;5,07;;;;
65;18;82,19;1,76;4,88;;;;
66;17,69;85,88;2,84;5,88;;;;
67;17,05;80,12;0,43;7,92;;;;
68;17,69;81,33;2,38;8,35;;;;
69;17,84;84,89;6,09;5,47;;;;
70;18,46;79,01;6,26;7,55;;;;
71;17,5;87,2;6,56;6,80;;;;
72;17,17;85,23;4,08;4,63;;;;
73;16,06;84,91;0,44;6,67;;;;
74;16,06;88,16;2,27;7,72;;;;
75;16,37;88,27;0,3;5,60;;;;
76;17,01;86,77;0,41;8,09;;;;
77;17,37;85,31;0,74;5,45;;;;
78;17,89;82,9;5,58;4,81;;;;
79;17,64;84,33;4,17;5,14;;;;
80;16,71;84,75;1,83;7,85;;;;
81;15,9;86,13;4,06;6,17;;;;
82;16,39;86,19;1,47;7,69;;;;
83;17,24;83,12;0,9;6,62;;;;
84;18,01;80,53;5,86;6,42;;;;
85;18,27;78,48;7,74;7,73;;;;
86;18,48;79,6;1,41;6,19;;;;
87;18,2;84,8;2,43;7,71;;;;
88;17,07;89,62;2,66;4,90;;;;
89;18,23;82,09;5,6;7,05;;;;
90;17,3;87,55;0,5;7,31;;;;
91;17,58;84,81;0,81;8,10;;;;
92;16,5;88,19;4,13;5,40;;;;
93;16,89;87,49;0,62;6,92;;;;
94;17,28;86,34;5,37;6,23;;;;
95;16,57;91,2;3,43;6,03;;;;
96;16,58;86,2;2,9;4,93;;;;
97;16,76;87,25;3,91;5,04;;;;
98;16,94;86,48;7,07;7,85;;;;
99;17,58;85,43;5,89;7,50;;;;
100;16,62;89,32;2,13;6,03;;;;
101;17,44;85,99;2,73;7,81;;;;
102;17,08;86,85;2,74;4,82;;;;
103;16,14;88,53;0,76;7,00;;;;
104;16,5;87;5,76;7,97;;;;
105;17,2;87,56;6,67;7,86;;;;
106;17,32;86,62;7,02;5,99;;;;
107;16,98;90,12;3,14;7,48;;;;
108;16,28;91,94;2,99;6,21;;;;
109;16,78;84,39;13,21;7,86;;;;
110;15,79;87,65;6,03;6,62;;;;
111;15,8;83,35;4,19;7,56;;;;
112;16,33;84,97;12,58;4,81;;;;
113;15,43;90,38;2,04;6,86;;;;
114;16,03;85,82;7,02;6,70;;;;
115;16,96;88,17;7,01;6,94;;;;
116;18,08;82,98;12,51;7,28;;;;
117;17,66;86,19;7,36;8,17;;;;
118;17,17;86,16;4,52;7,64;;;;
119;15,44;92,52;0,84;5,38;;;;
120;15,53;86,52;8,63;7,80;;;;
121;15,72;88,04;1,92;4,99;;;;
122;15,44;89,97;1,34;6,99;;;;
123;15,72;88,22;5,89;8,03;;;;
124;16,36;87,16;6,14;4,90;;;;
125;15,38;88,33;5,24;7,90;;;;
126;15,35;87,99;6,02;7,69;;;;
127;15,85;88,08;7,64;6,52;;;;
128;15,7;87,98;6,16;5,74;;;;
129;16,07;86,72;11,96;6,12;;;;
130;16,23;91,17;4,87;8,37;;;;
131;15,24;88,74;4,94;5,31;;;;
132;15,91;83,85;7,13;6,82;;;;
133;15,47;87,92;5,6;4,83;;;;
134;15,56;88,96;3,65;5,37;;;;
135;15,29;90,13;1,87;7,55;;;;
136;15,6;87,97;8,85;5,71;;;;
137;15,79;87,33;6,73;8,44;;;;
138;15,98;88,31;7,31;6,50;;;;
139;15,78;90,79;6,37;6,57;;;;
140;16,14;87,99;5,37;4,65;;;;
141;16,57;88,34;6,02;8,33;;;;
142;16,36;88,77;3,77;5,20;;;;
143;16,18;87,95;8,19;6,65;;;;
144;16,09;87,35;6,91;6,08;;;;
145;15,04;90,55;1,7;6,16;;;;
146;15,46;86,15;1,64;7,07;;;;
147;15,82;86,66;2,14;7,15;;;;
148;16,07;87,64;11,37;5,12;;;;
149;15,16;91,3;0,93;6,50;;;;
150;15,79;88,6;3,76;7,66;;;;
151;15,93;85,88;15,41;6,27;;;;
152;15,9;90,74;2,41;5,16;;;;
153;15,9;85,17;4,09;5,75;;;;
154;14,82;86,99;2,3;5,35;;;;
155;15,32;84,66;6,29;5,00;;;;
156;15,4;86,01;10,6;6,01;;;;
157;15,9;84,13;17,24;6,66;;;;
158;14,93;85,71;3;4,79;;;;
159;13,96;82,64;8,03;6,92;;;;
160;13,68;83,51;10,68;8,47;;;;
161;14,84;82,99;5,58;8,36;;;;
162;14,23;83,26;6,8;7,82;;;;
163;13,75;85,52;5,52;5,57;;;;
164;13,32;87,99;2,32;4,59;;;;
165;13,93;87,56;2,35;7,83;;;;
166;13,76;85,81;5,05;4,72;;;;
167;14,17;84,96;5,42;5,32;;;;
168;14,42;85,54;5,06;6,68;;;;
169;14,48;85,19;3,66;5,21;;;;
170;14,06;85,68;4,33;7,84;;;;
171;13,5;86,6;2,22;7,61;;;;
172;13,6;86,53;2,26;7,52;;;;
173;13,73;87,33;3,18;7,76;;;;
174;14,03;86,63;6,28;5,38;;;;
175;14,39;87,24;5,79;7,42;;;;
176;14,49;85,98;2,25;5,92;;;;
177;14,35;83,57;4,64;7,17;;;;
178;14,03;85,97;3,15;4,99;;;;
179;13,77;87,67;6,83;7,32;;;;
180;14,66;86,79;4,94;8,39;;;;
181;14,52;85,33;3,9;4,67;;;;
182;13,69;88,23;1,08;4,88;;;;
183;13,48;87,55;0,8;4,99;;;;
184;14,27;82,16;0,83;6,22;;;;
185;15,06;81,31;4,32;5,66;;;;
186;14,76;84,72;1,34;7,73;;;;
187;14,88;85,22;3,6;6,40;;;;
188;14,9;88,6;5,06;6,44;;;;
189;14,86;88,46;5,01;7,37;;;;
190;15,86;83,74;3,89;5,95;;;;
191;15,43;84,77;8,68;5,91;;;;
192;15,35;83,34;6,98;7,53;;;;
193;15,61;84,43;9,74;7,62;;;;
194;15,8;81,3;6,93;4,56;;;;
195;14,98;77,88;5,46;5,08;;;;
196;14,37;83,97;1,96;5,35;;;;
197;15,62;76,29;13,14;5,91;;;;
198;15,19;85,14;4,78;5,67;;;;
199;14,68;89,06;5,46;7,17;;;;
200;15;83,49;4,35;7,81;;;;
201;14,98;80,56;4,38;5,27;;;;
202;13,58;87,3;1,54;6,75;;;;
203;13,7;84,72;2,15;5,97;;;;
204;14,77;78,41;3,34;6,52;;;;
205;14,73;80,57;4,93;6,98;;;;
206;15,75;78,96;10,87;8,07;;;;
207;14,13;87,37;4,69;5,27;;;;
208;15,38;85,06;10,2;4,85;;;;
209;14,02;88,45;2,48;7,01;;;;
210;13,89;83,53;4;6,08;;;;
211;14,15;83,9;3,74;5,15;;;;
212;14,82;82;3,54;4,97;;;;
213;15,01;81,65;4,04;6,74;;;;
214;14,56;81,11;8;5,70;;;;
215;14,71;82,63;0,55;8,49;;;;
216;14,6;82,96;2,33;6,12;;;;
217;15,29;77,01;2,17;5,35;;;;
218;15,53;76,87;14,87;7,02;;;;
219;16,67;79,9;11,03;5,48;;;;
220;16,05;84,74;4,77;6,48;;;;
221;16,46;84,67;5,3;6,43;;;;
222;16,62;78,1;11,68;6,31;;;;
223;15,07;81,97;1,88;7,68;;;;
224;15,69;80,27;5,1;5,37;;;;
225;16,09;79,36;8,11;8,12;;;;
226;16,49;75,26;5,12;7,67;;;;
227;16,41;74,48;11,23;5,83;;;;
228;16,76;74,99;7,92;5,22;;;;
229;15,32;76,58;5,5;5,62;;;;
230;15,68;84,3;4,76;5,83;;;;
231;16,06;80,14;7,36;6,73;;;;
232;16,06;80,2;6,62;4,69;;;;
233;16,44;77,57;11,14;8,16;;;;
234;15,73;81,69;8,8;4,89;;;;
235;14,75;83,8;3,68;5,62;;;;
236;15,42;77,21;17,02;4,94;;;;
237;15,88;75,41;15,11;5,53;;;;
238;16,23;76,7;9,23;7,85;;;;
239;14,36;79,62;2,74;6,96;;;;
240;15,81;70,19;8,09;5,41;;;;
241;15,89;75,27;5,81;7,99;;;;
242;16,17;80,75;9,22;7,70;;;;
243;16,34;74,72;0,8;7,51;;;;
244;15,11;80,34;4,46;7,89;;;;
245;15,1;73,62;2,64;6,98;;;;
246;16,13;77,51;16,52;6,51;;;;
247;17,35;75,07;17,58;6,00;;;;
248;16,77;78,1;2,94;5,40;;;;
249;16,08;85,78;6,99;6,73;;;;
250;15,29;82,45;2,67;8,06;;;;
251;15,84;72,75;5,58;6,88;;;;
252;16,98;71;13,22;8,18;;;;
253;16,26;80,72;12,11;5,93;;;;
254;15,78;80,95;4;7,28;;;;
255;14,55;78,15;2,77;7,09;;;;
256;15,66;74,36;4,22;7,18;;;;
257;16,69;80,74;17,18;7,08;;;;
258;15,69;89,54;0,49;5,39;;;;
259;15,82;78,09;13,95;5,07;;;;
260;16,33;80,03;19,8;8,41;;;;
261;16,02;84,18;10,22;4,68;;;;
262;16,42;82,33;9,15;6,37;;;;
263;14,77;86,43;1,07;6,20;;;;
264;15,63;74,03;11,92;5,94;;;;
265;14,83;79,35;4,84;7,63;;;;
266;15,81;78,05;11,19;7,48;;;;
267;15,91;81,73;11,75;8,12;;;;
268;15,2;83,25;1,2;6,08;;;;
269;15,84;79,38;6,41;6,76;;;;
270;16,41;74,66;7,39;8,07;;;;
271;16,39;78,05;15,55;8,48;;;;
272;15,93;81,63;3,49;8,38;;;;
273;17,48;77,48;10,85;7,37;;;;
274;16,64;88,15;13,5;5,07;;;;
275;16,82;83,8;11,3;4,59;;;;
276;16,24;83,25;1,77;7,80;;;;
277;15,78;85,54;7;7,86;;;;
278;16,41;83,92;10,12;7,49;;;;
279;16,6;87,77;6,34;5,62;;;;
280;17,29;82,67;7,29;7,06;;;;
281;17,04;83,94;3,37;5,76;;;;
282;17,16;81,93;4,42;6,30;;;;
283;16,6;85,62;2,04;6,03;;;;
284;15,72;87,18;3,1;8,15;;;;
285;16,52;84,56;5,68;5,44;;;;
286;16,61;86,04;6,58;6,81;;;;
287;17,51;79,89;12,15;5,94;;;;
288;16,57;84,42;7,27;7,15;;;;
289;15,82;86,09;1,27;6,76;;;;
290;17,14;77,4;17,48;8,20;;;;
291;17,83;80,93;16,8;4,91;;;;
292;17,29;81,34;11,01;5,38;;;;
293;16,98;80,33;15,24;7,57;;;;
294;16,35;81,2;8,55;5,98;;;;
295;16,27;80,09;11,89;5,16;;;;
296;17,19;80,25;3,92;6,51;;;;
297;16,9;82,58;6,04;7,11;;;;
298;16,6;87,77;6,37;4,68;;;;
299;16,72;85,06;4,58;5,67;;;;
300;17,3;79,9;13,39;7,74;;;;
301;16,82;78,32;16,9;6,58;;;;
302;15,96;87,06;0,71;4,64;;;;
303;15,29;87,08;3,86;5,63;;;;
304;15,9;82,62;16,64;7,06;;;;
305;16,66;83,89;15,82;5,30;;;;
306;17,64;79,82;15,68;7,81;;;;
307;17,05;85,09;12,17;7,21;;;;
308;16,48;88,99;4,09;6,39;;;;
309;15,66;89,43;0,62;8,16;;;;
310;15,13;86,17;5,55;6,07;;;;
311;15,64;83,74;2;5,44;;;;
312;16,31;81,88;11,75;7,15;;;;
313;16,73;87,36;7,11;6,79;;;;
314;17,23;85,6;13,9;5,84;;;;
315;16,45;90,99;7,83;5,87;;;;
316;15,98;89,68;1,36;6,09;;;;
317;16,77;81,76;13,95;5,66;;;;
318;17,09;84,86;15,28;7,34;;;;
319;16,94;85,48;3,81;7,11;;;;
320;17,18;80,97;14,41;6,26;;;;
321;16,8;79,83;12,73;6,09;;;;
322;16,41;84,02;7,87;5,96;;;;
323;15,91;88,04;2,57;5,63;;;;
324;16,16;86,44;2,99;4,84;;;;
325;16,43;79,35;16,98;5,57;;;;
326;17,24;73,15;23,58;5,78;;;;
327;17,03;80,46;19,24;6,69;;;;
328;17,59;83,05;6,4;7,60;;;;
329;17,25;83,94;9,5;6,08;;;;
330;16,44;88,65;0,69;8,28;;;;
331;16,13;89,44;8,63;7,81;;;;
332;16,11;91,26;1,23;8,44;;;;
333;16,04;90,25;10,13;8,00;;;;
334;15,44;90,63;1,11;6,97;;;;
335;15,35;85,07;14,13;6,89;;;;
336;15,95;84,78;3,5;5,02;;;;
337;15,77;86,42;6,07;7,39;;;;
338;15;89,74;1,78;6,90;;;;
339;15,59;85,82;5,7;6,53;;;;
340;15,42;88,69;6,27;7,27;;;;
341;16,18;85,58;10,42;6,28;;;;
342;15,83;88,3;5,17;6,60;;;;
343;15,47;90,35;9,19;6,09;;;;
344;16,55;85,84;9,15;7,37;;;;
345;15,95;89,61;7,58;8,01;;;;
346;16,05;82,86;14,64;7,86;;;;
347;15,73;85,82;3,6;7,64;;;;
348;16,23;84,88;8,6;4,56;;;;
349;16,53;83,59;11,72;8,15;;;;
350;15,16;87,01;8,92;5,60;;;;
351;15,26;88,46;4,09;8,05;;;;
352;15,72;89,33;11,1;5,29;;;;
353;16,24;85,22;11,74;6,26;;;;
354;15,96;89,6;10,14;7,50;;;;
355;15,81;89,19;2,4;7,06;;;;
356;16,05;85,24;11,81;6,16;;;;
357;16,02;79,89;11,45;7,21;;;;
358;15,61;90,46;10,36;6,70;;;;
359;16,14;88,01;3,86;5,60;;;;
360;16,38;86,96;13,81;7,09;;;;
361;16,29;90,09;9,19;5,32;;;;
362;16,66;86,95;9,62;7,28;;;;
363;16,37;84,64;13,72;4,51;;;;
364;15,8;81,64;8,9;6,70;;;;
365;14,84;90,36;1,26;6,10;;;;
366;15,45;84,32;3,83;5,71;;;;
1;15,53;87,89;8,26;6,56;;;;
2;15,65;85,71;7,71;7,08;;;;
3;15,43;76,84;8,38;8,36;;;;
4;15,89;85,54;10,17;7,83;;;;
5;15,05;90,74;5,71;7,37;;;;
6;13,97;91,72;1,87;6,42;;;;
7;15,39;88,77;5,28;6,07;;;;
8;15,14;88,85;3,32;4,63;;;;
9;15,89;85,93;9,71;5,94;;;;
10;15,81;86,4;7,49;7,89;;;;
11;15,18;89,59;5,32;6,04;;;;
12;15,54;84,48;12,84;6,35;;;;
13;14,96;87,93;11,53;5,59;;;;
14;15,15;90,21;7,17;5,60;;;;
15;15,35;89,52;2,86;4,75;;;;
16;15,08;91,25;3,9;6,96;;;;
17;14,98;89,5;8,82;6,29;;;;
18;15,85;86,29;3,83;6,92;;;;
19;16,45;86,18;12,87;6,69;;;;
20;15,4;89,4;5,3;7,70;;;;
21;13,87;87,86;1,96;7,50;;;;
22;15,42;80,14;27,47;7,59;;;;
23;15,82;82,87;27,16;6,50;;;;
24;15,95;83;18,14;5,92;;;;
25;16,59;85,52;12,05;8,23;;;;
26;15,49;87,32;5,11;4,72;;;;
27;14,94;89,87;1;5,11;;;;
28;14,72;89,09;3,39;6,18;;;;
29;15,15;85,87;3,25;6,96;;;;
30;15,37;88,76;1,95;4,53;;;;
31;15,08;90,58;3,86;7,38;;;;
32;15,29;88,9;2,96;6,73;;;;
33;16,48;83,97;8,37;6,44;;;;
34;16,66;86,2;4,58;6,19;;;;
35;16,09;87,54;6,58;6,58;;;;
36;15,67;86,12;12,63;5,15;;;;
37;14,74;85,74;14,06;4,93;;;;
38;15,18;83,03;11,46;5,66;;;;
39;16,36;82,46;16,83;7,34;;;;
40;16,52;79,8;18,7;6,85;;;;
41;16,02;90,91;9,74;6,42;;;;
42;16,67;87,15;8,36;6,79;;;;
43;16,46;87,28;5,48;6,74;;;;
44;16,4;82,69;9,58;5,73;;;;
45;15,67;82,02;8,69;4,89;;;;
46;15,21;84,52;5,03;8,09;;;;
47;16,1;85,48;7,08;6,90;;;;
48;16,04;82,75;11,66;7,29;;;;
49;15,91;85,26;6,44;6,36;;;;
50;16,45;85,97;5,19;7,53;;;;
51;16,06;85,18;6,37;6,84;;;;
52;16,23;78,17;13,94;4,72;;;;
53;14,87;87,68;0,1;8,06;;;;
54;15,93;84,03;9;5,72;;;;
55;15,04;90,16;7,56;5,05;;;;
56;14,79;82,11;2,92;4,85;;;;
57;14,89;86,78;0,53;7,38;;;;
58;15,32;86,71;4,37;7,32;;;;
59;15,83;84,15;9,69;7,30;;;;
60;15,31;89,08;9,31;8,16;;;;
61;15,43;85,94;9,51;5,90;;;;
62;15,58;84,09;13,89;6,74;;;;
63;15,72;86,26;3,91;6,98;;;;
64;16,13;86,58;2,8;8,42;;;;
65;15,91;87,67;0,71;5,75;;;;
66;15,53;90,3;0,68;8,33;;;;
67;14,75;91,01;0,9;5,09;;;;
68;15,08;89,45;2,76;7,56;;;;
69;15,34;89,44;1,96;7,03;;;;
70;15,5;89,84;2,31;7,77;;;;
71;15,44;88,04;2,64;4,61;;;;
72;15,28;88,66;5,61;4,81;;;;
73;15,68;86,91;4,99;4,78;;;;
74;15,36;87,7;4,83;6,87;;;;
75;15,86;85,63;15,48;6,91;;;;
76;16,68;86,6;11,04;8,12;;;;
77;15,11;92,3;0,84;6,37;;;;
78;14,95;86,75;2,5;4,77;;;;
79;14,9;87,44;4,93;5,34;;;;
80;15,64;86,35;7,61;4,53;;;;
81;15,43;93,15;0,78;7,61;;;;
82;15,6;91,76;8,85;7,76;;;;
83;16,2;88,48;3,26;8,49;;;;
84;16,15;88,85;5,35;6,15;;;;
85;15,74;89,32;2,2;4,58;;;;
86;15,34;89,34;2,25;5,44;;;;
87;16,26;89,34;8,71;6,85;;;;
88;15,79;89,74;3,12;8,35;;;;
89;15,9;89,29;3,86;4,91;;;;
90;15,51;91,06;3,78;4,99;;;;
91;15,64;86,97;4,13;7,31;;;;
92;15,55;88,82;5,34;7,17;;;;
93;15,65;86,92;10,18;5,50;;;;
94;15,82;87,95;13,1;7,75;;;;
95;15,76;89,35;10,77;5,02;;;;
96;16,38;88,77;8,67;8,20;;;;
97;16,63;88,18;2,44;5,30;;;;
98;16,58;86,8;3,25;4,83;;;;
99;15,92;91,76;1,01;5,86;;;;
100;15,68;88,71;8,63;5,25;;;;
101;15,29;90,75;3,63;6,61;;;;
102;14,21;92,09;1,9;7,25;;;;
103;14,74;89,6;7,79;6,46;;;;
104;14,8;91,54;0,88;7,14;;;;
105;14,96;89,57;3,55;5,96;;;;
106;15,06;87,36;4,44;4,61;;;;
107;15,22;88,83;3,35;8,40;;;;
108;15,55;88,52;5,11;7,78;;;;
109;15,96;89,05;1,27;4,79;;;;
110;15,62;90,64;2,89;6,30;;;;
111;15,89;82,11;7,53;7,04;;;;
112;15,93;87,94;10,88;5,26;;;;
113;15,13;91,39;12,46;6,81;;;;
114;15,83;87,82;5,42;6,63;;;;
115;16,04;88,75;7,82;5,33;;;;
116;16,26;87,16;9,39;5,06;;;;
117;15,99;85,92;7,25;7,54;;;;
118;15,87;88,73;5,38;5,79;;;;
119;15,32;90,36;3,93;5,48;;;;
120;14,36;91,06;1,27;7,45;;;;
121;15,21;88,96;1,69;7,44;;;;
122;15,38;88,17;5,93;5,61;;;;
123;15,75;88,24;6,36;7,99;;;;
124;15,72;90,89;10,44;7,25;;;;
125;15,91;89,88;3,33;5,88;;;;
126;15,53;88,1;5,43;6,21;;;;
127;16,39;87,59;6,73;7,41;;;;
128;15,88;92,91;3,01;5,35;;;;
129;15,58;90,84;3,68;6,38;;;;
130;15,95;87,62;5,2;7,11;;;;
131;15,41;89,31;2,82;6,66;;;;
132;16,21;88,93;7,77;6,93;;;;
133;15,99;90,63;3,92;6,68;;;;
134;15,31;90,43;3,43;5,30;;;;
135;16,64;89,4;6,5;6,14;;;;
136;16,08;88,13;12,78;6,63;;;;
137;15,85;87,03;12,64;7,62;;;;
138;15,53;87,16;11,47;7,12;;;;
139;16;85,51;14,92;6,21;;;;
140;15,35;93,08;2,55;8,40;;;;
141;15,8;87,33;7,44;4,93;;;;
142;15,29;90,3;3,8;5,33;;;;
143;15,39;86,46;11,59;5,87;;;;
144;15,76;90,2;10,42;5,41;;;;
145;15,86;87,39;5,88;7,00;;;;
146;16,12;89,21;5,75;4,66;;;;
147;16;88,49;4,18;5,21;;;;
148;15,46;87,14;8,81;5,67;;;;
149;15,1;87,23;4,83;7,23;;;;
150;14,87;88,65;8,7;8,00;;;;
151;15,02;87,8;1,65;7,69;;;;
152;15,15;89,67;6,11;5,23;;;;
153;15,24;89,4;11,99;6,76;;;;
154;15,6;91;8,53;4,62;;;;
155;16,03;89,48;0,71;5,74;;;;
156;15,62;88,36;11,53;7,72;;;;
157;15,8;86,52;15,96;6,33;;;;
158;15,45;90,88;8,14;5,10;;;;
159;16,56;87,51;5,09;6,25;;;;
160;15,75;91,04;5,72;5,29;;;;
161;15,63;86,99;8,44;6,07;;;;
162;16,09;89,43;3,73;6,45;;;;
163;15,24;92,04;7,98;5,90;;;;
164;14,96;90,15;1,4;8,25;;;;
165;14,57;89,29;4,84;6,75;;;;
166;13,73;91,13;2,42;7,87;;;;
167;14,48;87,56;10,25;7,54;;;;
168;15,47;86,39;13,71;7,14;;;;
169;15,63;87,44;6,42;6,49;;;;
170;15,68;86,99;7,15;4,51;;;;
171;15,14;91,51;2,36;6,95;;;;
172;13,61;89,31;3,96;5,92;;;;
173;13,92;86,32;3,13;4,97;;;;
174;14,95;85,93;3,74;6,28;;;;
175;14,29;90,55;4,52;7,44;;;;
176;14,02;91,44;4,27;8,35;;;;
177;14,08;87,84;4,75;6,00;;;;
178;15,27;87,61;8,39;6,67;;;;
179;15,33;91;8,83;7,90;;;;
180;14,57;90,14;5,79;5,84;;;;
181;13,66;87,71;13,23;5,07;;;;
182;13,52;86,92;9,17;5,63;;;;
183;13,06;89,98;2,64;8,10;;;;
184;13,65;88,95;4,62;5,14;;;;
185;14,04;87,75;3,02;5,82;;;;
186;13,91;88,38;3,93;6,36;;;;
187;13,87;89,91;4,24;7,89;;;;
188;13,93;88,78;1,73;8,25;;;;
189;14,13;89,06;2,36;6,20;;;;
190;14,23;89;2,53;8,23;;;;
191;13,56;89,79;2,35;5,15;;;;
192;13,49;88,02;2,8;5,13;;;;
193;13,31;86,38;3,73;8,30;;;;
194;13,26;83,11;12,01;6,54;;;;
195;13,79;85,1;10,83;5,24;;;;
196;14,53;84,99;14,65;6,45;;;;
197;16,25;85,83;11,42;7,63;;;;
198;14,98;91,52;7,67;7,81;;;;
199;13,91;91,13;1,45;7,96;;;;
200;13,61;88,18;2,62;6,78;;;;
201;13,57;87,61;9,99;7,97;;;;
202;13,53;84,58;15,3;6,54;;;;
203;13,3;88,44;1,4;6,93;;;;
204;13,52;88,44;3,07;7,53;;;;
205;13,97;88,48;2,61;6,20;;;;
206;13,62;91,44;2,7;4,79;;;;
207;13,95;87,86;6,99;5,90;;;;
208;13,3;88,74;1,97;7,00;;;;
209;13,07;87,37;2,19;5,27;;;;
210;12,84;85,75;1,9;5,09;;;;
211;13,38;83,99;1,37;5,67;;;;
212;13,87;81,52;16,89;4,63;;;;
213;13,71;77,54;13,88;7,47;;;;
214;14,95;83,75;17,94;5,53;;;;
215;15,13;86,57;9,63;5,00;;;;
216;14,16;90,92;1,19;7,30;;;;
217;14,86;87;2,97;7,87;;;;
218;15,12;87,49;5,18;4,58;;;;
219;15,76;86,54;6,98;5,43;;;;
220;15,7;86,34;7,67;8,28;;;;
221;14,6;89,92;1,26;6,04;;;;
222;15,6;86,91;7,91;8,25;;;;
223;15,86;87,83;6,87;5,60;;;;
224;16,41;86,23;3,43;5,37;;;;
225;15,65;85,17;15,15;5,36;;;;
226;15,62;81,45;22,97;4,84;;;;
227;15,82;86,97;5,62;8,09;;;;
228;16,5;85,84;14,48;8,42;;;;
229;16,96;85,01;12,85;8,32;;;;
230;16,41;82,69;6,66;7,91;;;;
231;15,69;90,58;3,19;7,89;;;;
232;16,08;83,62;7,31;7,14;;;;
233;15,24;89,24;5,77;7,80;;;;
234;13,68;86,61;5,1;5,33;;;;
235;14,75;83,03;6,93;6,05;;;;
236;15,26;84,39;8,59;7,06;;;;
237;15,41;86,38;6,91;8,00;;;;
238;16,06;81,99;15,46;7,14;;;;
239;15,77;84,94;9,65;7,86;;;;
240;15,8;83,6;4,64;6,40;;;;
241;14,11;86,23;2,03;7,37;;;;
242;15,15;81,8;14,12;8,42;;;;
243;14,99;83,08;8,13;5,11;;;;
244;15,59;81,07;19,23;8,21;;;;
245;14,96;82,7;7,63;6,59;;;;
246;15,21;83,56;16,12;7,07;;;;
247;15,84;81,53;19,44;8,01;;;;
248;15,98;82,34;20,43;6,14;;;;
249;15,06;79,72;7,95;6,17;;;;
250;15,98;78,73;16,38;6,61;;;;
251;15,4;89,6;9,12;4,58;;;;
252;15,45;84,34;2;6,49;;;;
253;16,81;75,67;10,3;5,66;;;;
254;16,83;81,68;9,76;8,21;;;;
255;16;84,5;7,91;4,85;;;;
256;15,32;83,77;2,69;6,34;;;;
257;15,47;81,61;10,45;8,29;;;;
258;16,27;87,29;4,28;8,10;;;;
259;16,48;81,69;7,41;7,31;;;;
260;14,65;84,46;4,85;6,86;;;;
261;14,98;84,06;1,1;5,62;;;;
262;15,89;79,39;11,08;5,97;;;;
263;16,06;70,59;10,7;4,86;;;;
264;17,12;73,87;10,29;7,64;;;;
265;16,95;79,44;4,73;5,80;;;;
266;15,15;85,68;0,64;7,17;;;;
267;14,44;84,4;3,88;5,93;;;;
268;15,44;78,78;1,76;6,36;;;;
269;15,89;76;16,06;6,72;;;;
270;16,71;81,31;14,66;7,71;;;;
271;15,87;82,36;4,97;5,34;;;;
272;15,55;87,14;6,56;6,10;;;;
273;15,09;86;3,34;5,02;;;;
274;16,52;81,23;7,88;4,80;;;;
275;16,93;84,09;14,89;6,92;;;;
276;16,71;87,08;10,45;5,26;;;;
277;15,12;88,43;1,62;4,74;;;;
278;15,3;84,47;1,29;8,09;;;;
279;16,06;80,72;3,92;6,64;;;;
280;15,1;83,99;4,18;5,04;;;;
281;16,35;78,27;13,91;4,71;;;;
282;16,4;84,36;20,45;4,98;;;;
283;16,07;85,68;11,94;6,39;;;;
284;16,29;83,39;7,4;7,17;;;;
285;16,19;82,59;11,69;7,07;;;;
286;16,06;84,02;1,46;5,08;;;;
287;16,13;83,36;5,8;7,03;;;;
288;15,95;86,54;2,88;6,12;;;;
289;16,43;83,78;6,21;6,36;;;;
290;16,25;83,72;5,2;7,71;;;;
291;15,68;85,8;9,06;5,83;;;;
292;16,85;82,11;10,96;5,09;;;;
293;17,76;81,98;7,71;7,99;;;;
294;17,53;84,73;10,06;5,35;;;;
295;16,77;86,58;2,47;5,68;;;;
296;15,14;88,02;4,39;7,33;;;;
297;15,38;87,85;1,19;7,23;;;;
298;15,59;83,36;3,27;7,70;;;;
299;16,44;85,35;5,85;5,24;;;;
300;16,65;86,89;4,39;5,91;;;;
301;16,48;87,47;1,36;5,00;;;;
302;14,48;87,55;3,02;6,66;;;;
303;14,09;89,2;3,53;5,67;;;;
304;16,28;83,37;12,04;7,26;;;;
305;16,65;85,77;2,76;4,50;;;;
306;16,85;88,96;7,4;4,74;;;;
307;16,72;87,33;7,45;6,23;;;;
308;16,05;86,41;8,32;8,33;;;;
309;16,15;86,25;12,24;8,06;;;;
310;15,91;87,82;2,97;8,48;;;;
311;15,99;89,65;5,55;6,17;;;;
312;16,51;88;9,55;4,69;;;;
313;17,18;84,97;7,35;5,72;;;;
314;15,52;88,31;3,21;7,20;;;;
315;16,41;87,09;12,01;5,04;;;;
316;16,49;88,64;6,54;5,70;;;;
317;16,93;86,52;7,73;4,72;;;;
318;14,88;90,52;0,21;6,40;;;;
319;15,76;87,52;3,01;5,34;;;;
320;15,88;81,76;5,53;4,86;;;;
321;15,88;82,99;3,94;6,14;;;;
322;16,5;84,32;12,71;5,90;;;;
323;16,14;90,96;4,75;6,65;;;;
324;15,9;90,57;1,16;7,50;;;;
325;16,51;87,9;15,24;4,95;;;;
326;16,96;86,89;17,62;7,66;;;;
327;15,83;91,42;1,79;4,61;;;;
328;15,66;86,15;6,52;6,27;;;;
329;15,77;86,22;7,43;6,85;;;;
330;16,51;87,68;8,91;8,33;;;;
331;16,69;87,51;6,87;6,80;;;;
332;16,27;87,4;6,76;5,13;;;;
333;17,17;86,14;2,91;6,57;;;;
334;17,3;86,56;11,41;6,08;;;;
335;17;88,33;5,32;6,42;;;;
336;15,81;90,9;8,28;5,29;;;;
337;16,32;88,08;7,49;6,50;;;;
338;16,02;86,24;5,32;5,10;;;;
339;16,43;80,3;16,9;7,48;;;;
340;15,63;86,89;20,13;6,88;;;;
341;16,44;87,08;9,35;4,81;;;;
342;16,53;83,58;6,79;8,06;;;;
343;16,76;85,87;16,42;6,97;;;;
344;17,27;85,68;11,46;5,76;;;;
345;16,07;87,29;6,82;4,68;;;;
346;15,4;84,44;1,65;7,03;;;;
347;16,18;76,33;21,27;5,99;;;;
348;16,69;85,38;20,64;8,13;;;;
349;15,93;79,67;21,89;4,64;;;;
350;16,19;85,24;11,75;4,66;;;;
351;17,43;82,5;16,91;8,30;;;;
352;16,22;81,07;15,22;8,36;;;;
353;16,72;83,85;11,94;4,61;;;;
354;16,83;83,92;6,88;7,36;;;;
355;16,48;88,93;6,24;5,39;;;;
356;16,17;88,04;9,82;7,31;;;;
357;16,75;85,49;11,71;7,97;;;;
358;17,22;83,81;9,4;4,90;;;;
359;16,14;87,67;10,65;5,46;;;;
360;15,52;91,72;3,68;4,60;;;;
361;15,29;90,56;4,19;4,68;;;;
362;15,18;89,58;4,52;4,62;;;;
363;14,69;90,15;1,99;7,70;;;;
364;15,48;86,65;8,38;5,69;;;;
365;15,32;91,01;5,79;6,47;;;;
1;14,06;90,81;2,05;7,65;;;;
2;15;88,14;12,07;6,48;;;;
3;14,94;86,37;12,03;6,22;;;;
4;15,71;85,96;19,49;4,55;;;;
5;15,8;90,66;8,65;6,77;;;;
6;15,65;89,95;7,15;5,00;;;;
7;15,24;87,99;13,65;7,56;;;;
8;14,67;87,03;11,43;5,53;;;;
9;14,26;88,23;11,26;7,20;;;;
10;14,65;91,75;8,87;7,08;;;;
11;14,82;90,18;7;6,97;;;;
12;14,58;91,94;4,77;5,57;;;;
13;15,7;86,47;7,61;5,57;;;;
14;15,11;91,06;6,13;7,95;;;;
15;14,93;92,09;5,57;4,55;;;;
16;14,77;89,73;2,94;5,23;;;;
17;14,53;88,76;4,16;6,94;;;;
18;14,87;87,35;4,07;7,77;;;;
19;15,12;91,15;8,62;5,93;;;;
20;14,85;87,73;2,78;7,11;;;;
21;14,45;87,31;5,26;6,73;;;;
22;14,8;85,64;4,21;4,76;;;;
23;14,73;82,57;5,76;6,99;;;;
24;15,26;82,01;13,74;7,76;;;;
25;15,28;85,79;7,8;8,47;;;;
26;15,97;86,75;5,3;4,62;;;;
27;16,17;87,15;2,92;7,14;;;;
28;16,3;87,02;10,24;6,16;;;;
29;16,38;85,35;13,19;4,54;;;;
30;16,59;85,4;18,19;6,96;;;;
31;16,74;86,31;10,47;4,99;;;;
32;17,04;85,22;13,68;6,01;;;;
33;16,91;88,6;12,19;5,55;;;;
34;16,84;91,28;5,63;5,94;;;;
35;17,67;86,77;5,52;6,47;;;;
36;17,08;89,23;6,38;5,94;;;;
37;17,15;87,47;2,59;6,71;;;;
38;17,43;86,65;4,42;5,45;;;;
39;17,22;85,37;9,46;7,04;;;;
40;16,43;86,05;12,15;7,92;;;;
41;16,74;82,22;9,67;5,40;;;;
42;17,1;82,15;11,85;6,53;;;;
43;16,18;85,13;15,98;7,09;;;;
44;16,71;83,96;11,55;6,76;;;;
45;15,75;85,83;3,21;5,96;;;;
46;15,4;87,27;2,24;7,07;;;;
47;15,88;86,83;4,04;4,61;;;;
48;16,2;88,98;2,01;5,98;;;;
49;16,26;88,73;2,83;6,63;;;;
50;15,6;87,67;8,37;4,58;;;;
51;15,93;86,98;3,17;6,53;;;;
52;15,83;88,04;6,25;7,12;;;;
53;16,17;86,67;7,21;7,54;;;;
54;15,54;87,55;8,77;4,95;;;;
55;14,62;87,48;3,77;8,46;;;;
56;14,65;82,35;10,53;6,92;;;;
57;15,23;80,89;8,33;5,95;;;;
58;15,9;80,51;10,48;5,50;;;;
59;16,63;80,27;7,7;6,79;;;;
60;15,35;92,19;9,76;8,03;;;;
61;15,2;88,42;1,03;6,58;;;;
62;15,49;88,21;1,42;7,15;;;;
63;15,65;86,36;2,62;5,93;;;;
64;16,3;86,89;3,56;6,05;;;;
65;16,22;86,65;4,08;5,64;;;;
66;16,13;86,85;4,06;7,32;;;;
67;15,73;87,45;3,49;5,94;;;;
68;16,37;85,38;6,11;5,26;;;;
69;16,5;86,86;7,49;5,98;;;;
70;16,46;86,72;10,9;7,92;;;;
71;16,91;85,51;17,97;7,45;;;;
72;17,08;85,36;17,58;5,84;;;;
73;17,37;83,03;14,7;8,13;;;;
74;16,73;90,99;1,38;4,80;;;;
75;15,53;91,41;7,52;4,70;;;;
76;16,55;82,55;4,64;5,01;;;;
77;17,11;84,18;6,38;4,97;;;;
78;15,78;89,91;2,14;4,85;;;;
79;15,92;86,66;3,51;7,15;;;;
80;15,98;86,22;4,84;6,90;;;;
81;16,17;90,45;2,72;7,09;;;;
82;16,34;86,88;7,5;7,25;;;;
83;15,94;89,43;4,76;7,53;;;;
84;15,46;84,38;11,84;5,33;;;;
85;14,74;87,83;6,5;6,99;;;;
86;15,77;90,1;2,13;6,82;;;;
87;15,8;87,61;3,43;8,27;;;;
88;15,24;91,24;0,38;5,43;;;;
89;15,57;87,67;3,23;4,73;;;;
90;16,42;87,97;1,62;7,11;;;;
91;16,04;90,57;7,49;7,46;;;;
92;16,09;87,85;5,41;5,63;;;;
93;15,19;89,74;2,89;6,78;;;;
94;14,92;86,81;2,54;4,74;;;;
95;15,28;89,96;6,14;8,34;;;;
96;14,83;86,29;2,74;4,94;;;;
97;15,81;82,31;10,27;4,77;;;;
98;15,82;88,38;6,89;4,68;;;;
99;15,51;91,22;5,24;6,21;;;;
100;15,6;90,86;2,87;4,89;;;;
101;15,75;86,3;5,95;7,48;;;;
102;15,55;84,53;7,66;8,10;;;;
103;14,94;90,05;6,34;5,54;;;;
104;14,77;90,23;2,11;7,02;;;;
105;15,25;84,39;8,79;4,67;;;;
106;15,25;88,22;4,5;6,05;;;;
107;15,79;86,75;2,64;5,67;;;;
108;15,31;87,76;5,65;5,41;;;;
109;14,82;91,72;9,51;7,08;;;;
110;14,88;88,51;3,2;5,02;;;;
111;15,77;88,33;5,28;7,94;;;;
112;14,66;90,52;5,28;7,16;;;;
113;14,92;87,93;5,88;7,34;;;;
114;15,59;88,19;6,76;8,24;;;;
115;16,03;88,05;5,31;8,27;;;;
116;15,41;88,81;2,67;6,71;;;;
117;15,04;88,54;3,35;6,48;;;;
118;15,49;87,65;5,66;5,84;;;;
119;14,3;90,57;0,27;7,36;;;;
120;14,32;88,96;3,76;6,65;;;;
121;15,41;86,4;5,17;8,23;;;;
122;15,29;90,2;3,6;5,45;;;;
123;15,78;86,33;4,96;5,74;;;;
124;16,16;88,45;3,04;5,76;;;;
125;15,72;87,85;9,87;7,72;;;;
126;15,01;88,99;2,3;4,90;;;;
127;14,72;89,09;2,03;6,32;;;;
128;15,26;87,44;5,68;6,21;;;;
129;15,77;88,03;3,84;4,79;;;;
130;16,11;87,16;3,15;6,14;;;;
131;16,53;88,14;14,58;6,55;;;;
132;15,42;86,47;10,04;4,76;;;;
133;14,74;89,37;4,63;6,54;;;;
134;15,29;85,96;8,44;8,34;;;;
135;15,71;86,81;12,2;8,42;;;;
136;14,63;91,09;8,02;6,63;;;;
137;14,66;88,84;3,74;6,56;;;;
138;15,48;86,51;2,87;5,64;;;;
139;15,77;89,51;10,85;8,49;;;;
140;15,58;88,17;3,88;5,60;;;;
141;14,64;88,67;3,61;6,31;;;;
142;15,1;88,62;6,18;4,51;;;;
143;14,64;90,1;1,89;5,90;;;;
144;14,47;90,48;4,57;4,79;;;;
145;14,16;89,86;4,15;7,48;;;;
146;14,1;90,62;2,29;6,74;;;;
147;14,62;89,97;5,02;6,79;;;;
148;14,54;89,9;4,79;5,65;;;;
149;14,97;86,92;6,35;7,76;;;;
150;15,32;90,18;4,21;4,51;;;;
151;15,52;87,48;6,32;5,83;;;;
152;14,84;88,58;2,9;7,14;;;;
153;14,57;87,99;6,14;8,13;;;;
154;14,09;88,32;5,03;5,44;;;;
155;13,82;89,98;2,91;6,66;;;;
156;14,08;89,72;4,62;6,65;;;;
157;14,98;87,6;5,67;8,00;;;;
158;15,38;87,13;11,56;4,70;;;;
159;15,28;91,68;5,06;6,20;;;;
160;15,78;89,63;5,92;5,23;;;;
161;15,12;89,24;3,57;4,59;;;;
162;14,26;88,8;6,48;5,09;;;;
163;15,4;81,53;9,22;8,41;;;;
164;14,72;85,41;2,06;5,36;;;;
165;14,4;86,62;4,1;8,24;;;;
166;14,04;85,93;6,27;5,32;;;;
167;13,63;88,63;2,54;8,23;;;;
168;13,93;89,09;5,7;7,12;;;;
169;14,15;88,06;2,56;4,95;;;;
170;13,12;88,44;4,33;6,83;;;;
171;13,57;85,7;5,23;5,77;;;;
172;13,75;85,22;9,09;6,03;;;;
173;14,22;86,96;7,37;6,26;;;;
174;14,23;87,71;5,14;6,19;;;;
175;14,28;88,83;5,67;7,16;;;;
176;14,97;86,5;3,23;7,57;;;;
177;13,78;88,39;3,44;5,82;;;;
178;13,74;86,82;4,22;8,20;;;;
179;14,38;88;4,07;8,25;;;;
180;15,2;83,06;2,69;4,66;;;;
181;14,11;86,69;3,8;4,56;;;;
182;14,41;82,51;6,97;6,20;;;;
183;15,37;80,35;15,07;6,86;;;;
184;15,16;86,31;7,24;5,61;;;;
185;14,6;83,46;4,85;5,54;;;;
186;14,23;85,61;2,16;7,21;;;;
187;14,15;85,55;6,17;6,91;;;;
188;14,87;86,16;6,81;5,17;;;;
189;14,85;83,25;4,37;8,04;;;;
190;13,96;87,14;4,83;7,22;;;;
191;13,93;87,36;7,16;5,95;;;;
192;13,58;88,75;6,68;7,23;;;;
193;14,18;86,72;6,73;4,95;;;;
194;14,22;89,07;3,72;6,37;;;;
195;14,71;87,23;6,58;5,18;;;;
196;14,87;85,7;3,49;4,67;;;;
197;14,93;83,83;8,1;5,85;;;;
198;14,59;84,93;3,65;5,10;;;;
199;14,86;84,35;6,5;7,03;;;;
200;15,58;84,14;4,22;7,20;;;;
201;15,59;86,66;3,57;5,09;;;;
202;15,83;86,94;4,43;4,60;;;;
203;14,35;89,72;4,12;7,67;;;;
204;15,14;85,46;2,54;4,51;;;;
205;14,58;89,28;3,58;5,88;;;;
206;14,62;86,43;6,06;6,48;;;;
207;14,39;85,97;5,25;7,77;;;;
208;13,42;84,98;2,66;7,85;;;;
209;14,2;83,63;5,85;7,40;;;;
210;15,11;84,45;2,18;5,49;;;;
211;14,65;87,97;3,34;7,38;;;;
212;14,33;86,23;4,58;5,49;;;;
213;13,25;87,62;6,88;5,36;;;;
214;14,27;78,47;6,79;6,69;;;;
215;14,98;84,5;10,61;7,22;;;;
216;14,46;87,57;3,31;4,71;;;;
217;15,22;82,62;10,73;4,74;;;;
218;15,07;79,54;6,53;7,64;;;;
219;15,44;85,83;5,62;7,94;;;;
220;14,63;88,52;8,3;6,92;;;;
221;14,42;86,4;4,64;6,22;;;;
222;13,22;81,8;16,85;7,88;;;;
223;14,07;80,55;16,03;7,42;;;;
224;14,03;82,49;5,87;6,82;;;;
225;14,59;80,74;7,41;5,78;;;;
226;15,05;80,48;5,29;5,29;;;;
227;15,21;79,99;6,76;6,17;;;;
228;15,49;83,22;13,27;5,65;;;;
229;14,68;83,93;3,43;5,86;;;;
230;14,91;80,81;8,01;6,56;;;;
231;15,52;71,97;14,72;5,18;;;;
232;15,52;83,88;6,92;7,72;;;;
233;13,59;87,35;6,93;5,08;;;;
234;13,89;78,92;6,57;6,42;;;;
235;14,5;81,06;5,43;7,48;;;;
236;15,72;80,94;8,83;6,44;;;;
237;15,63;84,56;6,49;5,94;;;;
238;13,76;82,89;5,32;6,40;;;;
239;13,18;82,8;4,94;7,89;;;;
240;14,14;83,06;8,43;8,46;;;;
241;14,99;82,16;3,41;7,02;;;;
242;15,61;80,95;5,21;7,67;;;;
243;15,96;75,51;12,25;4,56;;;;
244;16,49;83,52;8,23;8,02;;;;
245;16,46;82,95;7,92;8,32;;;;
246;15,16;77,38;6,26;6,80;;;;
247;13,64;82,94;2,81;7,52;;;;
248;14,07;74,38;4,63;6,55;;;;
249;14,75;76,63;7,58;5,64;;;;
250;15,8;75,26;7,54;7,91;;;;
251;14,53;78,33;5,21;6,89;;;;
252;15,79;78,25;4,77;6,82;;;;
253;15,81;75,92;8,76;7,14;;;;
254;15,26;81,93;2,18;7,92;;;;
255;16,15;75,36;9,32;7,43;;;;
256;16,66;79,16;13,16;5,34;;;;
257;16,16;86,62;3,58;6,37;;;;
258;15,49;89,97;2,38;8,42;;;;
259;15,36;85,12;3,4;6,72;;;;
260;16,33;77,69;23,3;8,25;;;;
261;16,41;72,55;13,89;7,75;;;;
262;16,42;80,92;13,11;7,16;;;;
263;16,3;82,8;17,69;5,90;;;;
264;15,14;85,44;3,6;5,72;;;;
265;15,5;79,71;7,86;7,07;;;;
266;15,43;79,14;7,27;6,23;;;;
267;15,25;81,77;10,86;7,70;;;;
268;14,4;79,46;3,76;7,54;;;;
269;15,34;76,48;3,38;5,75;;;;
270;15,46;83,24;9,81;7,31;;;;
271;16,22;81,91;12,28;6,48;;;;
272;16,36;79,32;14,83;5,79;;;;
273;16,86;81,24;9,2;6,15;;;;
274;16,76;81,01;15,8;8,08;;;;
275;16,09;80,62;13,42;5,94;;;;
276;16,6;81,49;8,77;5,65;;;;
277;16,24;86,38;7,02;5,91;;;;
278;16,26;84,69;2,91;5,36;;;;
279;15,21;85,8;3,13;6,68;;;;
280;15,78;80,79;4,47;5,09;;;;
281;16,38;80,9;3,53;7,77;;;;
282;16,41;84,42;5,93;5,40;;;;
283;15,61;77,51;11,45;6,89;;;;
284;15,74;73,55;0,73;5,00;;;;
285;15,78;80,89;12,73;8,41;;;;
286;15,51;82,21;11,29;6,32;;;;
287;16,26;84,59;11,29;7,79;;;;
288;15,84;86,96;8,93;7,57;;;;
289;16,86;81,77;8,68;7,35;;;;
290;17,53;81,93;12,51;7,81;;;;
291;16,94;84,71;10,42;4,90;;;;
292;16,4;81,26;6,2;7,21;;;;
293;16,14;86,9;0,13;5,56;;;;
294;16,7;86,19;2,74;7,64;;;;
295;16,96;84,24;13,53;8,33;;;;
296;17,22;82,38;3,29;8,11;;;;
297;17,01;84,29;12,01;4,96;;;;
298;15,91;88,62;3,07;5,98;;;;
299;16,2;87,72;5,12;5,96;;;;
300;15,91;77,32;4,88;4,99;;;;
301;16,15;79,14;14,3;4,89;;;;
302;16,47;85,93;7,49;6,04;;;;
303;16,87;77,22;9,36;8,47;;;;
304;15,47;86,07;10,19;6,78;;;;
305;15,13;81,78;2,63;6,99;;;;
306;14,81;80,76;5,16;6,38;;;;
307;15,38;83,88;6,75;7,15;;;;
308;15,04;86,1;5,53;8,33;;;;
309;15,67;86,59;2,58;6,85;;;;
310;15,72;86,2;10,1;4,76;;;;
311;16,07;86,24;4,16;6,47;;;;
312;15,92;88,18;4,09;8,47;;;;
313;16,34;86,77;9,77;6,05;;;;
314;16,94;86,59;7,44;6,88;;;;
315;16,68;90,74;1,61;4,93;;;;
316;16,99;84,52;4,14;5,06;;;;
317;17,32;85;5,98;8,00;;;;
318;17,05;86,92;8,23;5,70;;;;
319;16,51;87,38;12,11;5,72;;;;
320;15,79;93,29;0,27;6,05;;;;
321;16,87;87,46;5,24;8,37;;;;
322;16,6;90,79;8,82;4,84;;;;
323;15,72;90,8;5,79;7,78;;;;
324;15,44;90,3;5,2;5,87;;;;
325;16,19;88,18;0,69;7,90;;;;
326;16,77;88,73;9,77;8,47;;;;
327;17,23;86,24;9,01;5,89;;;;
328;16,56;91,36;3,53;5,02;;;;
329;15,89;88,88;4,19;5,08;;;;
330;16,51;87,44;1,12;7,53;;;;
331;15,97;88,66;2,87;5,08;;;;
332;16,24;86,62;4,17;5,54;;;;
333;16,44;90,77;10,46;5,32;;;;
334;15,31;92,14;3,52;5,92;;;;
335;16,26;86,83;7,15;4,80;;;;
336;16,48;88,12;13,42;7,93;;;;
337;15,82;88,54;5,11;7,94;;;;
338;15,74;83,5;9,65;6,15;;;;
339;15,85;85,52;4,71;6,95;;;;
340;15,22;85,4;8,6;7,07;;;;
341;14,7;83,26;8,29;7,50;;;;
342;14,89;86,61;5,39;6,58;;;;
343;15,55;85,78;3;6,54;;;;
344;15,86;86,14;7,46;7,03;;;;
345;15,24;88,59;2,22;7,31;;;;
346;15,51;88,48;3,59;5,89;;;;
347;14,99;89,49;0,7;5,82;;;;
348;14,6;88,3;4,24;5,58;;;;
349;14,92;82,59;9,82;6,70;;;;
350;15,26;85,98;17,94;5,94;;;;
351;16,28;86,41;11,58;6,66;;;;
352;15,79;84,11;6,29;6,12;;;;
353;15,48;87,79;3,17;7,85;;;;
354;15,36;84,86;5,07;4,79;;;;
355;15,89;85,74;4,77;6,79;;;;
356;15,55;81,63;5,53;6,80;;;;
357;15,37;83,13;6,19;6,03;;;;
358;15,3;83,61;7,03;6,18;;;;
359;15,1;77,91;11,74;7,70;;;;
360;15,28;81,58;9,54;5,62;;;;
361;15,4;86,87;4,46;7,99;;;;
362;15,73;83,87;8,47;8,09;;;;
363;15,64;82,52;8,36;7,10;;;;
364;15,43;79,04;18,83;7,59;;;;
365;14,68;81,35;17,72;6,95;;;;
1;14,78;85,52;14,42;6,60;;;;
2;14,28;84,06;11,09;8,37;;;;
3;15,63;84,26;6,71;5,63;;;;
4;15,81;85,55;13,61;5,12;;;;
5;16,19;85,32;12,13;5,65;;;;
6;15,76;88,94;10,15;6,96;;;;
7;15,95;84,95;9,94;5,24;;;;
8;15,37;82,61;5,02;8,14;;;;
9;15,09;83,18;6,86;6,14;;;;
10;15,71;80,43;9,93;7,90;;;;
11;15,52;82;6,64;5,50;;;;
12;14,59;87,44;6,22;5,75;;;;
13;14,6;88,79;3,48;4,74;;;;
14;15,07;85,82;2,99;5,53;;;;
15;14,81;84,15;4,71;6,46;;;;
16;15,56;84,52;4,75;8,28;;;;
17;16,64;83,74;6,86;6,06;;;;
18;16,81;86,01;3,35;7,06;;;;
19;16,15;89,63;4,16;6,21;;;;
20;16,22;89,22;5,05;4,69;;;;
21;16,2;84,74;5,48;6,51;;;;
22;16,44;87,13;8,04;4,76;;;;
23;16,2;86,21;3,39;8,03;;;;
24;16,47;85,68;5,05;7,51;;;;
25;16,82;83,67;4,71;6,01;;;;
26;17,11;82,91;9,99;7,06;;;;
27;17,09;86,38;8,6;4,95;;;;
28;16,2;89,25;7,64;7,31;;;;
29;16,71;91,29;1,85;7,79;;;;
30;16,93;87,41;2,51;7,79;;;;
31;16,41;92,7;3,59;5,64;;;;
32;15,95;90,46;2,11;5,55;;;;
33;16,19;86,75;8,89;6,59;;;;
34;16,01;84,5;5,34;8,37;;;;
35;16,8;86,24;0,49;8,18;;;;
36;16,88;86,95;2,91;5,94;;;;
37;16,56;88,64;3,44;7,62;;;;
38;16,37;90,97;5,71;8,19;;;;
39;16,47;87,51;3,77;5,54;;;;
40;16,52;87,04;5,29;7,82;;;;
41;16,68;86,38;3,04;5,57;;;;
42;16,73;84,85;6,21;5,87;;;;
43;16,61;84,03;2,91;5,30;;;;
44;16,26;86,05;10,06;6,53;;;;
45;16,97;86,6;11,8;7,87;;;;
46;16,98;87,17;12,42;6,61;;;;
47;16,76;87,12;9;4,99;;;;
48;16,54;86,25;6,75;5,51;;;;
49;17,14;85,63;3,75;6,75;;;;
50;16,39;88,53;0,65;6,83;;;;
51;16,55;85,99;2,65;6,81;;;;
52;16,44;85,54;1,34;4,81;;;;
53;16,28;81,78;6,97;7,51;;;;
54;16,29;88,95;8,46;8,14;;;;
55;16,16;88,42;2,05;6,54;;;;
56;16,43;86,54;8,43;7,38;;;;
57;15,63;84,96;5,47;8,16;;;;
58;15,95;87,5;7,05;7,07;;;;
59;16,34;84,08;7,27;7,20;;;;
60;15,92;87,46;3,83;7,39;;;;
61;15,88;89,73;5,26;5,54;;;;
62;16,09;86,92;1,19;6,83;;;;
63;15,78;89,47;7,39;7,87;;;;
64;16,63;81,92;2,43;5,68;;;;
65;16,43;84,74;2,05;8,09;;;;
66;15,93;86,93;1,46;6,98;;;;
67;16,64;82,53;4,61;6,19;;;;
68;17,29;86,27;2,68;6,99;;;;
69;15,76;89,62;0,93;6,11;;;;
70;16,18;82,05;2,95;7,85;;;;
71;16,99;85,56;3,97;6,43;;;;
72;16,9;88,87;2,46;8,10;;;;
73;16,97;85,47;2,18;6,54;;;;
74;16,83;86,07;3,47;7,14;;;;
75;16,27;83,22;7,3;8,49;;;;
76;16,44;86,13;5,44;5,09;;;;
77;16,09;86,06;3,57;7,45;;;;
78;16,21;86,03;1,69;5,06;;;;
79;16,35;84,26;2,98;7,86;;;;
80;16,37;86,59;3,51;6,89;;;;
81;15,83;89,82;0,62;8,25;;;;
82;15,85;86,85;3,32;7,96;;;;
83;15,71;90,33;1,64;4,80;;;;
84;16,65;83,87;7,12;5,05;;;;
85;17,17;82,8;6,09;6,90;;;;
86;16,57;86,15;3,57;6,57;;;;
87;15,89;90,35;0,83;5,17;;;;
88;15,94;89,18;1,08;5,02;;;;
89;15,74;87,32;3,91;6,76;;;;
90;15,66;87,93;1,14;4,70;;;;
91;16,22;88,15;5,25;7,99;;;;
92;16,83;88,59;3,37;7,73;;;;
93;16;90,54;1,46;7,64;;;;
94;16,57;89,38;6,27;4,56;;;;
95;15,76;87,74;5,25;4,69;;;;
96;16,61;87,21;6,8;6,70;;;;
97;16,26;91,1;1,94;8,48;;;;
98;15,88;89,28;2,38;5,87;;;;
99;16,5;87,5;10,64;5,88;;;;
100;17,01;88,18;11,68;5,04;;;;
101;17,25;86,03;8,74;7,20;;;;
102;16,26;89,29;5,86;7,09;;;;
103;16,09;89,82;0,9;4,91;;;;
104;16,38;89,66;8,88;6,37;;;;
105;16,51;85,68;1,95;7,17;;;;
106;15,7;87,84;3,34;6,47;;;;
107;16,5;85,94;1,06;7,20;;;;
108;16,21;89,23;8,07;7,77;;;;
109;16,51;88,88;1,05;7,24;;;;
110;16,59;87,65;5,49;6,96;;;;
111;16,26;88,34;0,83;7,91;;;;
112;16,35;89,61;3,37;8,10;;;;
113;16,54;89,56;10,89;6,06;;;;
114;15,65;92,37;1,81;5,19;;;;
115;15,64;90,92;6,4;7,77;;;;
116;15,88;88,24;13,3;5,36;;;;
117;15,51;86,93;3,1;8,22;;;;
118;15,39;88,56;5,78;4,59;;;;
119;15,24;92,37;2,23;8,19;;;;
120;15,38;83,46;5,47;6,86;;;;
121;16,04;84,74;14,72;7,60;;;;
122;16,56;88,67;8,07;6,09;;;;
123;15,7;89,74;0,88;8,47;;;;
124;15,61;87,41;2,96;5,41;;;;
125;15,58;89,85;4,81;5,56;;;;
126;15,77;88,74;1,83;4,71;;;;
127;15,69;86,61;1,45;8,26;;;;
128;15,31;88,96;2,22;6,32;;;;
129;15,29;88,38;1,78;7,20;;;;
130;16,39;85,92;7,66;7,25;;;;
131;16,54;85,93;10,92;8,00;;;;
132;15,82;91,95;5,21;7,16;;;;
133;15,54;90,73;1,37;6,75;;;;
134;14,64;91,59;0,78;7,34;;;;
135;14,92;89,8;2,41;7,50;;;;
136;15,15;90,81;5,51;5,24;;;;
137;15,72;89,73;5,13;4,94;;;;
138;16,13;89,34;8,68;4,80;;;;
139;16,29;88,27;1,3;6,00;;;;
140;15,04;90,4;1,76;6,49;;;;
141;15,11;87,72;4,46;6,96;;;;
142;15,78;88,25;8,7;8,33;;;;
143;15,92;90,48;2,76;5,82;;;;
144;15,97;88,66;9,29;7,54;;;;
145;15,77;91,73;2,71;6,63;;;;
146;15,33;89,29;1,72;5,38;;;;
147;16,52;85,58;12,75;6,96;;;;
148;15,46;89,75;7,55;8,37;;;;
149;14,54;87,65;7,87;5,00;;;;
150;15,31;86,21;4,09;6,53;;;;
151;16,16;85,9;12,96;4,71;;;;
152;16,19;88,3;3,5;5,78;;;;
153;15,58;88,23;5,31;6,98;;;;
154;13,85;90,13;1,57;7,86;;;;
155;14,22;89,07;2,74;7,42;;;;
156;14,14;89,04;6,87;6,35;;;;
157;13,96;90,33;3,77;8,14;;;;
158;14,39;86,23;7,74;5,71;;;;
159;14,88;85,47;8,13;7,52;;;;
160;15,14;88,69;1,32;6,40;;;;
161;14,69;88,98;2,96;8,09;;;;
162;14,63;89,14;2,83;7,69;;;;
163;14,71;88,33;3,14;8,11;;;;
164;14,42;88,8;5,86;5,36;;;;
165;14,53;86,97;6,31;7,17;;;;
166;15,21;87,23;4,21;7,45;;;;
167;14,72;88,89;3,02;7,47;;;;
168;14,39;91,2;5,06;6,52;;;;
169;15,15;91,4;4,89;4,55;;;;
170;15,12;88,81;4,71;5,55;;;;
171;13,68;90,52;4,29;5,79;;;;
172;13,79;88,35;3,54;7,91;;;;
173;13,76;90,93;3,4;7,86;;;;
174;14,09;90,53;3,38;4,92;;;;
175;14,93;87,72;6,07;8,30;;;;
176;15,18;87,6;6,96;5,23;;;;
177;15,75;86,98;9,98;6,16;;;;
178;15,29;85,38;14,57;5,36;;;;
179;15,14;91,05;4,22;7,94;;;;
180;15,47;91,19;8,2;7,50;;;;
181;15,24;86,13;4,36;5,91;;;;
182;14,6;87,91;3,81;7,23;;;;
183;14,41;86,98;3,56;5,24;;;;
184;15,64;85,27;10,89;6,03;;;;
185;15,55;85,32;8,27;6,01;;;;
186;14,29;87,18;6,25;5,45;;;;
187;14,23;86,9;10,12;8,01;;;;
188;14,27;87,47;2,53;7,22;;;;
189;13,35;87,67;1,78;5,62;;;;
190;13,8;85,93;3,36;5,47;;;;
191;14,2;85,53;5,09;4,57;;;;
192;14,47;85,81;6,69;5,89;;;;
193;15,07;85,33;6,68;6,61;;;;
194;14,82;87,9;2,66;5,61;;;;
195;14,06;90,09;6,62;7,30;;;;
196;14,53;83,9;7,32;6,15;;;;
197;14,67;87,35;6,32;5,77;;;;
198;14,57;86,94;7,5;8,26;;;;
199;14,66;87,45;5,29;5,55;;;;
200;14,15;88,31;6,5;6,09;;;;
201;13,96;88,53;7,45;6,03;;;;
202;14,56;87,18;6,64;5,46;;;;
203;14,89;87,07;3,71;5,37;;;;
204;14,73;88,31;1,64;5,71;;;;
205;15,45;85,24;4,85;7,96;;;;
206;14,91;88,83;1,98;7,57;;;;
207;14,48;85,28;5,25;7,22;;;;
208;14,19;86,31;4,72;6,33;;;;
209;13,39;86,8;5,26;6,53;;;;
210;14,32;82,59;6,4;5,57;;;;
211;14,1;79,78;4,57;4,80;;;;
212;13,93;84,06;5,33;5,82;;;;
213;14,68;83,65;6,94;6,48;;;;
214;15,45;82,4;5,17;4,73;;;;
215;15,11;87,07;3,03;4,85;;;;
216;13,55;90,05;3,21;5,55;;;;
217;12,94;85,85;5,38;5,97;;;;
218;12,75;85,38;6,1;6,07;;;;
219;13,56;82,64;3,38;4,97;;;;
220;14,41;85,48;2,05;5,40;;;;
221;15,26;84,71;3,98;5,55;;;;
222;15,47;85,47;5,78;4,77;;;;
223;15,34;84,7;4,2;5,80;;;;
224;15,47;83,12;5,04;4,79;;;;
225;14,52;87,22;3,09;7,31;;;;
226;13,54;84,61;2,31;6,04;;;;
227;13,15;78,6;1,57;5,81;;;;
228;12,81;79,03;5,92;5,01;;;;
229;13,79;77,97;8,43;5,41;;;;
230;15,68;77,03;8,76;5,43;;;;
231;15,24;88,48;3,92;8,44;;;;
232;14,71;83,29;3,85;7,84;;;;
233;15,3;83,36;9,77;4,56;;;;
234;15,44;82,65;6,31;6,97;;;;
235;14,52;82,96;4,85;5,52;;;;
236;14,73;81,89;4,01;4,92;;;;
237;15,04;82,69;12,72;7,32;;;;
238;15,17;80,33;3,91;5,03;;;;
239;15,02;79,93;5,94;6,27;;;;
240;14,83;79,68;4,83;7,03;;;;
241;15,08;79,59;8,38;6,72;;;;
242;16,04;79,63;16,79;8,41;;;;
243;16,44;78,32;4,03;7,64;;;;
244;16,47;81,14;7,89;7,60;;;;
245;16,82;77,28;12,53;5,92;;;;
246;16,86;80,87;14,9;4,53;;;;
247;15,55;81,6;4,94;7,44;;;;
248;16,4;79,29;5,91;8,50;;;;
249;15,43;81,92;5,25;6,12;;;;
250;16,71;69,53;11,42;8,44;;;;
251;16,6;77,74;17,29;5,07;;;;
252;16,24;75;7,99;5,69;;;;
253;17,34;78,35;8,59;5,18;;;;
254;16,76;83,86;7,38;6,40;;;;
255;16,86;84,89;4,41;7,69;;;;
256;16,59;75,35;5,92;5,86;;;;
257;15,91;76,82;3,11;8,12;;;;
258;16,36;74,44;6,51;6,68;;;;
259;17,43;74,11;8,74;6,36;;;;
260;16,57;82,3;9,23;7,65;;;;
261;17,49;74,34;5,69;4,91;;;;
262;16,51;86,62;1,28;7,60;;;;
263;15,62;87,98;1,21;5,47;;;;
264;16,14;79,29;8,3;5,62;;;;
265;17,26;74,78;12,06;6,90;;;;
266;16,26;79,14;4,59;8,11;;;;
267;15,39;75,12;4,66;6,81;;;;
268;16,13;78,82;12,36;7,10;;;;
269;17,06;73,86;15,84;7,61;;;;
270;16,33;78,34;4,02;5,54;;;;
271;16,96;79,29;9,08;7,81;;;;
272;16,42;86,6;3,91;6,17;;;;
273;16,23;84,3;12,65;5,20;;;;
274;16,97;81,06;9,28;5,90;;;;
275;16,48;88,32;5,5;5,48;;;;
276;14,7;90,69;1,07;5,41;;;;
277;15,68;76,15;12,49;5,63;;;;
278;16,6;81,4;11,35;5,22;;;;
279;16,18;89,06;7,92;7,17;;;;
280;16,72;80,07;7,94;6,82;;;;
281;14,61;88,66;2,69;7,09;;;;
282;14,25;82,72;5,97;5,87;;;;
283;15,59;79,3;3,01;7,58;;;;
284;15,35;84,51;5,67;5,02;;;;
285;15,36;84,85;6,54;6,78;;;;
286;14,93;79,18;10,82;5,60;;;;
287;15,91;79,63;5,48;6,61;;;;
288;16,15;80,41;5,57;5,79;;;;
289;15,93;84,8;4,06;7,66;;;;
290;16,4;83,91;8,27;8,07;;;;
291;16,31;86,9;7,59;7,47;;;;
292;15,03;90,99;7,96;5,20;;;;
293;15,05;84,58;2,9;5,60;;;;
294;16,09;85,18;9,55;8,18;;;;
295;15,67;91,86;7,64;6,25;;;;
296;15,49;88,32;3,18;8,26;;;;
297;15,12;88,21;4,74;6,07;;;;
298;15,26;85,46;4,93;8,31;;;;
299;15,79;84,56;5,26;8,20;;;;
300;16,66;85,74;3,67;7,14;;;;
301;17,05;82,68;11,9;4,54;;;;
302;16,66;83,69;5,82;6,10;;;;
303;16,45;82,04;8,91;8,14;;;;
304;17;81,56;5,7;8,04;;;;
305;15,81;92,11;9,84;5,25;;;;
306;16,51;86,95;8,79;6,10;;;;
307;16,22;86,66;10,64;7,84;;;;
308;16,6;85,74;8,76;6,81;;;;
309;16,63;86,21;9,62;7,89;;;;
310;15,71;88,39;7,25;7,81;;;;
311;15,62;86,3;7,55;8,13;;;;
312;16,56;85,06;5,12;4,97;;;;
313;16,18;86,76;2,84;5,08;;;;
314;16,79;86,85;7,63;4,83;;;;
315;16,6;87,33;1,83;8,24;;;;
316;16,03;89,38;0,91;6,40;;;;
317;16,13;88,32;3,01;4,76;;;;
318;16,81;87,92;8,77;5,79;;;;
319;15,99;87,63;4,04;5,91;;;;
320;16,35;88,53;0,86;7,74;;;;
321;16,51;88,95;13;7,44;;;;
322;15,38;93,76;2,69;7,26;;;;
323;15,64;88,77;10,25;4,59;;;;
324;15,36;88,96;8,73;8,14;;;;
325;15,37;90,31;8,77;5,36;;;;
326;15,23;88,9;7,13;7,02;;;;
327;15,92;88,42;4,59;4,75;;;;
328;15,9;90,64;6,56;4,83;;;;
329;16,2;87,02;7,5;4,54;;;;
330;17,08;88,88;7,68;6,76;;;;
331;16,58;88,43;5,21;7,02;;;;
332;16,49;85,21;2,6;4,70;;;;
333;16,44;90,9;3,16;5,66;;;;
334;17,45;86,78;7,8;7,91;;;;
335;15,51;91,54;6,48;4,91;;;;
336;15,27;89,02;8,85;5,37;;;;
337;15,71;89;3,38;6,20;;;;
338;16,38;85,46;9,98;7,87;;;;
339;16,59;85,79;8,74;5,52;;;;
340;15,72;89,06;5,44;8,49;;;;
341;16,07;87,58;8,01;5,92;;;;
342;15,9;87,61;11,94;6,05;;;;
343;16,44;88,72;10,34;4,99;;;;
344;16,28;85,85;13,13;7,22;;;;
345;16,26;88,65;5,01;5,47;;;;
346;15,58;88,93;4,14;7,02;;;;
347;15,85;89,37;5,97;5,39;;;;
348;15,37;91,84;3,43;6,05;;;;
349;15,4;87,67;2,07;7,93;;;;
350;16,45;88,04;9,72;7,46;;;;
351;15,95;89,52;6,15;5,12;;;;
352;16,26;86,91;5,16;6,93;;;;
353;16,22;89,95;6,17;7,01;;;;
354;15,7;88,87;1,47;4,86;;;;
355;15,88;89,05;8,5;6,36;;;;
356;16,2;89,15;6,49;5,54;;;;
357;16,08;88,78;2,47;6,37;;;;
358;16,22;88,45;6,14;7,61;;;;
359;16,08;85,91;5,55;5,13;;;;
360;17,18;89,05;7,63;4,99;;;;
361;16,26;87,86;5,93;5,58;;;;
362;16,08;87,1;3,68;8,31;;;;
363;16,72;82,68;14,51;7,49;;;;
364;15,52;91,11;7,67;4,58;;;;
365;16,26;88,42;7,74;6,10;;;;
1;16,41;89,49;7,87;5,53;;;;
2;16,59;89,71;6,81;7,05;;;;
3;17,27;85,2;15,77;6,34;;;;
4;17,55;82,22;19,94;8,36;;;;
5;17,93;84,04;17,91;5,38;;;;
6;17,26;83,2;21,66;6,85;;;;
7;16,69;85;24,79;7,30;;;;
8;15,71;79,95;24,23;7,80;;;;
9;15,28;83,57;11,38;6,13;;;;
10;15,19;83,68;14,75;7,25;;;;
11;14,61;86,19;6,18;5,71;;;;
12;15,04;86,82;6,59;6,24;;;;
13;15,32;87,16;13,87;8,08;;;;
14;14,88;86,35;12,33;8,30;;;;
15;15,54;86,99;10,92;7,38;;;;
16;15,84;86,68;9;6,00;;;;
17;16,71;88,35;7,21;7,78;;;;
18;16,54;88,01;9,39;4,60;;;;
19;16,54;88,82;6,25;4,91;;;;
20;15,44;90,69;3,35;7,15;;;;
21;15,81;88,76;0,37;5,66;;;;
22;16,65;81,07;7,49;8,31;;;;
23;16,64;82,99;13,92;6,24;;;;
24;15,85;84,08;2,26;6,22;;;;
25;16,86;87,17;3,07;7,21;;;;
26;16,27;91,45;8,96;7,57;;;;
27;16,29;83,42;8,64;6,40;;;;
28;15,97;85,04;14,82;5,36;;;;
29;16,7;87,03;10,05;7,59;;;;
30;16,62;88,27;7,61;5,78;;;;
31;16,18;83,59;9,63;5,20;;;;
32;15,94;92,93;2,01;7,03;;;;
33;16,01;90,63;6,21;4,86;;;;
34;15,41;92,09;4,19;8,39;;;;
35;16,65;83,04;19,12;7,03;;;;
36;16,33;76,42;28,3;8,44;;;;
37;16,4;73,17;26,95;5,86;;;;
38;16,49;83,21;15,98;8,38;;;;
39;17,18;82,28;11,75;5,08;;;;
40;16,85;83,5;8,27;4,66;;;;
41;15,92;78,81;12,24;4,63;;;;
42;16,07;77,32;22,89;6,36;;;;
43;16,95;79,75;8,84;4,83;;;;
44;17,19;80,8;10,15;6,55;;;;
45;17,07;86,19;5,24;5,81;;;;
46;16,46;84,11;3,76;5,84;;;;
47;16,14;77,1;4,88;7,04;;;;
48;16,77;83,82;5,11;5,15;;;;
49;17,12;84,06;8,81;7,57;;;;
50;17,54;85,68;4,6;6,83;;;;
51;17,04;88,09;3,9;8,16;;;;
52;17,77;86,05;7,71;5,96;;;;
53;17,12;86,13;1,08;8,43;;;;
54;17,37;88,8;0,9;6,80;;;;
55;16,9;91,84;8,79;8,39;;;;
56;17,51;87,67;3,32;4,61;;;;
57;17,14;89,3;1,27;7,41;;;;
58;15,84;87,78;3,72;7,77;;;;
59;15,95;88,57;1,64;4,71;;;;
60;16,92;85,75;5,76;6,82;;;;
61;16,41;88,92;2,45;7,71;;;;
62;16,9;87,9;1,71;6,74;;;;
63;16,83;88,72;3,82;4,76;;;;
64;17,22;87,68;4,74;7,27;;;;
65;17,45;87,68;3,28;4,74;;;;
66;16,81;82,83;2,77;7,77;;;;
67;17,61;85,04;3,2;4,67;;;;
68;17,92;88,03;7,88;5,05;;;;
69;17,64;86,7;3,63;5,60;;;;
70;16,8;86,07;5,56;7,03;;;;
71;16,89;84,19;10,24;8,41;;;;
72;17,65;87,86;6,29;4,97;;;;
73;16,86;88,22;8,05;5,07;;;;
74;16,09;89,82;2,26;5,98;;;;
75;17,31;82,8;7,02;7,84;;;;
76;17,55;85,97;2,13;6,37;;;;
77;16,5;89,55;5,01;5,79;;;;
78;16,86;87,63;7,74;6,74;;;;
79;16,53;85,31;5,51;5,54;;;;
80;15,88;87,59;7,2;6,10;;;;
81;16,39;74,56;19,24;5,83;;;;
82;16,09;78,77;15,24;7,72;;;;
83;16,01;86,77;6,63;8,20;;;;
84;15,75;88,4;1,43;7,54;;;;
85;16,72;84,85;2,84;6,26;;;;
86;16,51;88,98;5,85;6,52;;;;
87;17,73;85,35;3,71;5,00;;;;
88;17,42;88,67;3,28;7,49;;;;
89;16,57;87,48;2,57;6,89;;;;
90;15,62;92,25;0,8;8,11;;;;
91;15,87;86,26;0,93;5,30;;;;
92;15,96;90,16;2,35;7,54;;;;
93;16,13;86,33;0,68;7,24;;;;
94;16,37;85,94;6,59;5,56;;;;
95;17,29;84,93;3,74;7,17;;;;
96;17,67;86,07;4,94;8,20;;;;
97;16,57;88,79;5,84;8,17;;;;
98;16,74;83,6;0,43;7,38;;;;
99;16,31;86,59;2,23;4,69;;;;
100;15,53;87,47;2,11;7,99;;;;
101;16,84;84,47;2,18;7,13;;;;
102;16,62;86,06;3;5,74;;;;
103;16,31;90,73;0,46;5,25;;;;
104;17,15;82,58;7,81;4,96;;;;
105;16,43;85,78;6,81;4,70;;;;
106;17,09;80,22;7,2;7,52;;;;
107;15,99;86,34;1,7;5,44;;;;
108;15,49;91,45;1,43;4,60;;;;
109;15,05;86,21;1,82;6,09;;;;
110;15,91;83,64;5,8;6,43;;;;
111;16,37;82,74;12,25;5,18;;;;
112;16,04;83,58;9,09;4,68;;;;
113;16,47;76,51;15,84;5,26;;;;
114;16,58;81,15;6,89;7,22;;;;
115;17,13;82,24;5,2;4,83;;;;
116;18,09;81,07;13,2;6,72;;;;
117;16,97;80,16;16,83;5,09;;;;
118;15,73;88,43;4,09;5,28;;;;
119;16,72;81,91;5,06;6,07;;;;
120;17,3;84,19;7,01;4,90;;;;
121;16,85;87,8;7,41;5,19;;;;
122;17,21;86,94;4,5;5,90;;;;
123;18;84,95;3,61;5,82;;;;
124;17,16;87,43;1,33;7,50;;;;
125;17,23;86,09;2,84;4,80;;;;
126;17;87,58;4,65;7,94;;;;
127;16,19;86,33;3,15;7,76;;;;
128;16,08;89,45;1,84;7,56;;;;
129;15,54;91,63;1,46;5,74;;;;
130;15,95;85,74;7,54;7,79;;;;
131;16,87;86,42;3,49;5,23;;;;
132;17,21;89,17;4,77;5,00;;;;
133;17,96;84,49;2,47;4,68;;;;
134;16,2;87,13;0,61;8,26;;;;
135;16,65;81,59;8,06;5,73;;;;
136;16,08;82,62;4,79;8,17;;;;
137;16,37;83,48;2,33;5,59;;;;
138;16,24;85,59;2,4;8,13;;;;
139;16,16;85,29;3,29;8,12;;;;
140;16,14;85,39;3,44;8,19;;;;
141;15,64;87,91;10,14;6,48;;;;
142;16,59;84,86;5,91;7,96;;;;
143;16,46;86,79;9,73;8,30;;;;
144;16,09;87,82;7,04;5,80;;;;
145;15,25;83,87;4,12;6,18;;;;
146;15,26;83,88;7,08;7,38;;;;
147;15,49;86,77;4,28;5,70;;;;
148;15,23;85,21;1,6;7,52;;;;
149;15,97;84,05;7,09;4,80;;;;
150;16,2;85,67;5,25;6,59;;;;
151;15,65;88,75;2,31;4,99;;;;
152;15,9;84,48;4,87;5,67;;;;
153;15,93;84,87;5,65;5,53;;;;
154;16,59;82,46;6,61;7,86;;;;
155;16,16;87,19;0,33;5,27;;;;
156;16,58;85,1;10,86;7,73;;;;
157;16,19;84,26;2,94;7,68;;;;
158;15,8;83,07;2,05;6,50;;;;
159;15,7;76,42;13,03;5,44;;;;
160;14,22;78,99;8,35;5,41;;;;
161;15,12;79,45;11,78;6,36;;;;
162;15,81;83,14;14,09;4,54;;;;
163;15,55;84,65;10,4;6,63;;;;
164;15,92;83,24;4,18;8,31;;;;
165;16,48;86,61;6,76;5,12;;;;
166;14,5;88,47;2,63;6,79;;;;
167;14,56;85,38;5,98;8,35;;;;
168;15,72;83,73;10,8;7,94;;;;
169;15,65;85,25;3,92;7,90;;;;
170;15,2;86,84;12,15;7,79;;;;
171;15,4;84,62;4,09;5,74;;;;
172;15,4;87,23;3,9;8,06;;;;
173;15,1;84,7;5,5;8,27;;;;
174;15,12;84,25;6,85;6,48;;;;
175;14,13;85,34;4,95;5,92;;;;
176;15,08;85,04;5,41;6,16;;;;
177;14,99;83,1;7,57;5,84;;;;
178;14,62;87;6,94;5,35;;;;
179;15,7;83,71;8,82;6,97;;;;
180;15,51;83,43;4,18;6,75;;;;
181;15,34;83,74;6,61;6,35;;;;
182;15,49;83,89;5,56;4,88;;;;
183;16,35;82,12;6,88;7,69;;;;
184;15,17;85,6;2,87;5,20;;;;
185;15,72;83,9;6,35;4,96;;;;
186;15,64;90,88;2,38;6,99;;;;
187;15,67;84,28;7,1;6,09;;;;
188;15,05;84,28;3,56;4,74;;;;
189;15,07;84,54;5,36;5,92;;;;
190;16,35;81,01;8,83;7,59;;;;
191;15,48;87,49;5,53;6,96;;;;
192;13,8;92,21;1,77;5,95;;;;
193;14,11;87,98;6,21;5,27;;;;
194;14,94;84,93;8,8;7,03;;;;
195;14,81;87,68;7,09;8,05;;;;
196;14,27;85,71;7,9;7,09;;;;
197;12,95;85,51;6,47;7,75;;;;
198;13,88;81,95;7,11;6,59;;;;
199;14,34;84,47;6,31;7,37;;;;
200;14,62;86,82;8,32;8,08;;;;
201;14,24;86,75;3,04;7,59;;;;
202;14,08;86,74;1,27;8,14;;;;
203;14,67;86,56;9,36;6,22;;;;
204;15,5;87,36;2,25;8,12;;;;
205;15,57;87,48;1,2;6,99;;;;
206;14,75;86,12;2,85;7,98;;;;
207;14,1;90,7;1,74;4,66;;;;
208;12,98;85,6;4,03;7,13;;;;
209;14,23;81,36;6,93;7,89;;;;
210;15,04;84,62;5,01;5,20;;;;
211;15,65;85,99;4,15;7,15;;;;
212;14,52;86,63;5;7,80;;;;
213;15,08;84,04;10,26;5,65;;;;
214;15,52;85,3;3,36;6,12;;;;
215;14,72;81,17;14,98;6,78;;;;
216;14,29;82,19;6,66;6,58;;;;
217;13,17;82,02;6,73;4,66;;;;
218;13,18;81,46;1,54;4,89;;;;
219;13,43;84,59;1,64;4,90;;;;
220;13,3;85,07;2,48;5,55;;;;
221;13,23;85,83;3,53;5,48;;;;
222;13,83;85,05;3,89;7,47;;;;
223;14,79;83,82;7,21;6,79;;;;
224;16,42;81,76;5,82;7,56;;;;
225;16,8;86,53;3,09;4,78;;;;
226;16,27;86,43;5,38;6,44;;;;
227;16,72;82,37;3,44;5,80;;;;
228;16,68;82,71;1,33;7,90;;;;
229;16,28;80,9;0,9;7,33;;;;
230;16,48;81,03;4,25;7,98;;;;
231;16,94;82,5;6,77;4,69;;;;
232;16,94;82,46;2,16;7,38;;;;
233;17,46;81,54;5,53;6,66;;;;
234;16,06;82,63;4,31;7,80;;;;
235;15,18;75,91;8,04;6,53;;;;
236;15,79;81,39;11,66;6,66;;;;
237;16,42;81,26;18,12;4,71;;;;
238;15,8;84,89;10,46;7,17;;;;
239;16,58;80,46;15,09;5,59;;;;
240;15,75;82,23;1,99;4,58;;;;
241;16,74;80,17;8,52;4,77;;;;
242;15,76;78,74;6,8;8,33;;;;
243;16,17;78,91;9,93;5,88;;;;
244;16,29;77,75;7,38;7,97;;;;
245;15,61;78,92;5,22;8,34;;;;
246;16,02;78,86;7,34;8,27;;;;
247;16,53;76,53;13,93;8,03;;;;
248;16,58;80,57;6,96;8,08;;;;
249;16,83;81,04;13,65;5,66;;;;
250;17,1;74,46;5,36;5,11;;;;
251;17,26;76,48;10,75;7,06;;;;
252;16,89;78,77;7,77;6,45;;;;
253;15,76;77,87;6,9;4,89;;;;
254;16,37;73,28;4,2;7,21;;;;
255;16,47;80,44;6,62;6,75;;;;
256;17,17;76,75;11,61;7,95;;;;
257;16,1;81,34;2,26;6,94;;;;
258;16,74;74,85;11,47;6,80;;;;
259;16,78;74,13;6,09;6,26;;;;
260;17,33;74,57;8,67;6,35;;;;
261;17,55;79,71;13,2;8,32;;;;
262;17,67;83,37;12,12;5,05;;;;
263;16,58;84,64;3,55;6,28;;;;
264;16,82;76,13;3,79;7,12;;;;
265;15,97;78,65;11,36;6,23;;;;
266;17,43;73,19;19,04;5,63;;;;
267;15,63;89,01;2,62;5,65;;;;
268;14,85;81,68;3,73;5,43;;;;
269;16,37;74,13;2,66;5,88;;;;
270;16,69;76,68;6,16;7,99;;;;
271;17,23;75,22;11,32;6,52;;;;
272;17,62;72,84;9,76;5,46;;;;
273;16,68;79,33;2,93;6,04;;;;
274;16,09;76,91;3,55;4,92;;;;
275;16,51;76,06;9,27;8,12;;;;
276;17,48;74,1;11,66;6,13;;;;
277;15,96;82,73;3,95;8,42;;;;
278;15,28;79,78;1,69;5,89;;;;
279;15,33;77,43;5,08;7,85;;;;
280;16,27;74,67;9,26;5,53;;;;
281;16,19;80,24;5,48;4,80;;;;
282;14,94;81,76;3,77;4,63;;;;
283;17,31;67,09;11,41;6,92;;;;
284;17,39;75,42;18,78;5,75;;;;
285;16,39;84,78;8,72;6,27;;;;
286;16,04;83,14;13,22;7,77;;;;
287;16,61;75,86;5,82;5,49;;;;
288;16,38;81,66;11,5;5,73;;;;
289;16,55;79,7;5,99;7,88;;;;
290;16,62;79,08;3,13;6,47;;;;
291;16,09;84,11;4,22;7,81;;;;
292;16,57;79,16;6,56;6,00;;;;
293;16,64;80,6;16,5;6,09;;;;
294;16,98;79,92;15,86;5,17;;;;
295;16,41;82,35;2,91;8,17;;;;
296;16,21;78,08;3,67;8,09;;;;
297;16,77;75,33;3,72;8,44;;;;
298;17,38;75,12;12,17;6,11;;;;
299;17,66;77,52;10,43;7,77;;;;
300;18,79;75,38;15,81;6,16;;;;
301;17,91;84,02;9,28;6,32;;;;
302;16,05;90,48;7,22;7,82;;;;
303;17,42;82,9;13,12;5,21;;;;
304;16,95;83,19;8,94;5,38;;;;
305;16,99;82,96;1,44;5,76;;;;
306;16,83;83,28;5,35;7,65;;;;
307;17,74;79,3;14,63;5,99;;;;
308;17,44;75,33;18,29;5,93;;;;
309;17,67;74,91;14,57;8,50;;;;
310;17,9;80,46;13,73;6,04;;;;
311;17,29;83,89;13,09;5,49;;;;
312;16,56;81,23;1,84;6,99;;;;
313;16,48;78,75;5,96;7,71;;;;
314;16,67;79,74;14,4;4,78;;;;
315;17,21;82,32;15,73;6,98;;;;
316;16,66;86,41;3,21;4,64;;;;
317;15,76;88,49;1,71;6,61;;;;
318;16,35;81,41;9,98;5,53;;;;
319;16,26;75,8;9,58;5,73;;;;
320;15,89;84,27;5,14;6,37;;;;
321;14,71;91,18;0,97;8,21;;;;
322;15,91;86,4;6,21;7,34;;;;
323;16,3;83,48;5,61;8,25;;;;
324;15,61;91,35;6,1;7,14;;;;
325;15,56;95,06;0,86;4,53;;;;
326;15,92;86,73;16,7;5,56;;;;
327;16,27;87,71;7,1;8,12;;;;
328;15,33;90,68;1,72;7,07;;;;
329;15,9;84,1;5,23;8,43;;;;
330;17,05;84,61;11,48;5,12;;;;
331;16,32;85,3;12,56;5,69;;;;
332;15,98;84,63;0,46;5,95;;;;
333;15,64;89,52;8,5;5,81;;;;
334;15,59;87,63;5,52;5,51;;;;
335;15,94;87,42;3,59;6,27;;;;
336;16,2;89,17;5,02;7,07;;;;
337;16,37;87,61;8,56;5,75;;;;
338;16,63;90,12;6,45;4,82;;;;
339;16,83;86,49;9,78;7,33;;;;
340;16,08;90,88;4,33;6,34;;;;
341;15,9;86,84;6,57;6,73;;;;
342;16,58;84,82;6,33;6,32;;;;
343;16,44;87,61;2,9;8,06;;;;
344;16,73;84,23;13,72;6,73;;;;
345;17,54;79,4;11,19;8,19;;;;
346;16,35;92,6;8,86;6,54;;;;
347;16,34;87,85;9,8;5,67;;;;
348;16,58;85;1,99;5,92;;;;
349;16,87;84,01;3,4;6,59;;;;
350;16,53;87,57;2,57;6,62;;;;
351;16,84;84,46;8,72;7,25;;;;
352;16,22;92,97;3,78;5,40;;;;
353;16,17;89,76;4,64;7,14;;;;
354;15,86;88,84;5,65;7,61;;;;
355;15,85;87,26;9,61;7,21;;;;
356;16,45;83,09;16,69;6,43;;;;
357;16,05;89,1;8,11;8,47;;;;
358;16,28;89,68;11,96;6,12;;;;
359;16,7;89,45;2,75;4,93;;;;
360;15,87;88,77;8,37;7,79;;;;
361;14,98;88,48;3,68;5,35;;;;
362;15,47;87,49;12,29;7,35;;;;
363;15,1;88,36;0,61;5,22;;;;
364;15,99;86,39;2,5;4,57;;;;
365;16,05;87,96;6,08;5,14;;;;
366;16,21;87,02;7,68;6,01;;;;
1;15,52;90,11;6,38;4,93;;;;
2;15,75;91,09;3,07;5,29;;;;
3;16,28;87,93;5,26;7,56;;;;
4;15,76;93,39;1,79;7,58;;;;
5;15,68;90,3;3,72;7,77;;;;
6;14,48;89,72;6,25;7,86;;;;
7;14,01;89,11;4,62;6,18;;;;
8;14,16;88,34;5,42;7,97;;;;
9;14,87;90,02;7,47;6,60;;;;
10;14,74;88,57;7,36;6,38;;;;
11;14,99;88,25;6,66;7,37;;;;
12;15,48;86,68;6,62;5,36;;;;
13;16,43;81,87;8,59;7,66;;;;
14;16,25;86,17;12,54;6,22;;;;
15;16,43;84,41;16,87;5,01;;;;
16;17,4;82,86;16,41;4,98;;;;
17;17,36;83,36;13,58;5,16;;;;
18;17,14;83,06;4,37;8,06;;;;
19;17,14;81,6;11,62;8,46;;;;
20;16,14;81,07;9,35;5,93;;;;
21;16,18;86,86;5,24;5,67;;;;
22;15,63;92,52;0,5;5,38;;;;
23;15,4;92,63;4,08;7,80;;;;
24;16,08;88,68;6,65;5,34;;;;
25;15,51;87,74;2,83;8,20;;;;
26;15,54;89,96;1,84;7,17;;;;
27;16,13;88,97;4,54;8,09;;;;
28;16,8;88,19;13,59;6,72;;;;
29;17,35;86;13,54;7,26;;;;
30;16,07;81,81;22,41;6,98;;;;
31;15,59;85,24;12,42;7,82;;;;
32;15,86;89,86;3,74;7,84;;;;
33;15,94;88,61;5,78;6,86;;;;
34;16,15;87,16;8,65;7,03;;;;
35;16,34;90,67;3,64;8,19;;;;
36;16,29;90,88;4,26;8,22;;;;
37;16,33;87,82;3,42;7,16;;;;
38;17,24;87,99;11,38;4,53;;;;
39;16,78;90,17;4,94;4,92;;;;
40;16,46;88,41;6,52;7,93;;;;
41;16,8;89,64;11,06;4,84;;;;
42;16,81;90,67;2,38;5,35;;;;
43;16,73;87,72;4,97;5,42;;;;
44;17,08;83,91;11,88;6,90;;;;
45;16,85;86,51;8,71;6,81;;;;
46;16,72;88,83;7,9;5,66;;;;
47;17,36;83,93;5,88;5,33;;;;
48;16,32;89,73;2,27;7,56;;;;
49;16,23;89,68;1,89;8,24;;;;
50;16,22;87,86;2,57;4,71;;;;
51;16,68;85,87;10,43;5,03;;;;
52;16,58;87,8;7,77;7,07;;;;
53;15,57;91,3;1,26;7,72;;;;
54;16,38;87,48;2,55;7,66;;;;
55;16;88,19;1,82;7,38;;;;
56;15,79;89,66;4,8;8,05;;;;
57;15,95;87,67;0,9;5,37;;;;
58;16,44;89,56;1,95;4,93;;;;
59;16,06;89,08;4,54;6,96;;;;
60;15,56;91,19;2,13;7,79;;;;
61;15,77;87,44;3,48;6,83;;;;
62;15,05;89,97;5,72;8,35;;;;
63;15,35;85,7;5,14;7,68;;;;
64;14,73;88,85;4,41;7,30;;;;
65;15,96;87,56;4,12;4,74;;;;
66;15,58;90,64;2,94;4,93;;;;
67;14,98;90,91;0,44;7,64;;;;
68;15,21;82,04;6,18;5,29;;;;
69;15;90,18;0,39;4,62;;;;
70;15,57;86,05;2,8;8,14;;;;
71;14,62;87,77;3,88;8,06;;;;
72;14,5;88,15;1,34;5,37;;;;
73;15,93;86,08;9,62;7,62;;;;
74;14,94;94,07;0,92;4,69;;;;
75;15,3;89,66;4,61;5,64;;;;
76;15,44;92,02;3,42;6,99;;;;
77;15,11;91,47;4,18;7,55;;;;
78;16,09;86,11;6,97;4,54;;;;
79;15,41;91,51;6,31;5,80;;;;
80;14,95;92,67;5,19;5,36;;;;
81;15,17;85,23;2,71;8,50;;;;
82;16,24;85,42;5,98;7,18;;;;
83;15,5;89,88;2,29;6,12;;;;
84;15,39;90,25;9,78;4,80;;;;
85;15,84;90,16;2,57;6,89;;;;
86;15,83;88,54;3,3;7,07;;;;
87;15,34;90,18;3,4;7,77;;;;
88;14,67;90,49;3,85;5,65;;;;
89;14,76;89,55;3,65;8,43;;;;
90;15,57;90,89;5,42;6,26;;;;
91;16,03;88,59;8,88;5,68;;;;
92;15,48;90,08;5,54;5,89;;;;
93;15;89,33;2,79;6,58;;;;
94;14,78;90,3;2,09;8,25;;;;
95;14,88;88,32;3,43;7,44;;;;
96;14,98;90,29;5,21;6,81;;;;
97;14,47;89,53;0,79;5,15;;;;
98;15,38;84,18;7,3;5,10;;;;
99;15,26;89,54;1,79;6,51;;;;
100;15,64;87,96;8,29;7,41;;;;
101;14,69;93,29;3,78;7,50;;;;
102;14,18;94,93;0,82;5,40;;;;
103;14,95;90,64;5,58;4,90;;;;
104;15,05;89,89;4,57;6,04;;;;
105;15,08;90,66;0,51;8,17;;;;
106;15,67;88,71;7,29;6,68;;;;
107;14,65;92,55;2,42;5,78;;;;
108;15,26;92,37;6,81;5,79;;;;
109;14,57;92,02;2,51;5,03;;;;
110;14,77;87,32;7,79;6,39;;;;
111;15,04;84,87;6,95;7,67;;;;
112;15,87;88,49;6,83;8,37;;;;
113;16,44;87,74;5,71;6,51;;;;
114;15,78;91,56;10,48;5,17;;;;
115;15,56;90,22;6,58;7,23;;;;
116;15,19;90,23;5,21;7,53;;;;
117;14,98;92,15;0,59;4,79;;;;
118;14,92;90,73;5,6;7,90;;;;
119;15,32;88,58;0,75;7,82;;;;
120;14,14;90,92;3,43;6,39;;;;
121;14,83;88,34;3,83;6,74;;;;
122;15,25;88,42;3,68;7,35;;;;
123;14,46;89,45;1,33;7,21;;;;
124;16;84,81;12,07;4,57;;;;
125;15,49;93,23;9,26;4,99;;;;
126;15,43;91,48;7,16;5,15;;;;
127;15,63;85,98;5,79;7,52;;;;
128;13,31;91,32;2,54;6,26;;;;
129;14,37;90,5;7,83;6,68;;;;
130;14,26;91,69;3,25;7,59;;;;
131;14,11;90,15;4,26;5,86;;;;
132;14,81;89,64;5,62;7,50;;;;
133;15,45;89,27;5,83;6,27;;;;
134;15,44;91,4;5,89;6,01;;;;
135;15,09;90,24;2,46;5,83;;;;
136;16,17;90,26;4,8;8,36;;;;
137;14,78;92,36;0,71;7,59;;;;
138;15,11;88,67;3,57;4,58;;;;
139;15,38;88,43;9,74;8,33;;;;
140;15,42;90,52;9,1;7,60;;;;
141;16,28;89,27;9,48;5,10;;;;
142;16,29;89,89;7,95;4,81;;;;
143;15,94;91,73;2,73;5,73;;;;
144;15,55;90,97;7,52;7,00;;;;
145;15,08;91,95;5,59;6,97;;;;
146;14,62;92,5;3,55;5,60;;;;
147;14,57;89,32;5,63;6,28;;;;
148;15,67;84,16;10,55;5,35;;;;
149;15,69;91,87;12,09;4,70;;;;
150;15,54;93,31;4,64;6,57;;;;
151;14,98;92,64;2,57;5,89;;;;
152;14,95;87,2;11,98;6,67;;;;
153;16,04;85,07;9,28;8,29;;;;
154;15,71;91,82;8,74;5,07;;;;
155;13,61;91,13;5,28;4,51;;;;
156;14,51;88,23;10,97;4,81;;;;
157;14,62;91,18;1,66;6,35;;;;
158;14,74;90,1;3,21;7,33;;;;
159;14,41;91,9;2,24;6,82;;;;
160;15,06;86,42;5,54;6,48;;;;
161;15,33;88,23;6,78;5,92;;;;
162;15,71;89,04;3,82;5,74;;;;
163;14,51;94,43;10,83;6,01;;;;
164;13,76;91,75;0,72;6,95;;;;
165;14,51;90,22;4,35;5,17;;;;
166;14,83;91,7;1,32;7,59;;;;
167;13,92;91,33;5,15;6,80;;;;
168;12,76;91,48;5,65;5,58;;;;
169;12,46;88,32;6,56;6,50;;;;
170;13,83;91,6;8,84;8,35;;;;
171;14,25;92,98;4,81;4,58;;;;
172;13,27;90,25;7,81;5,30;;;;
173;14,05;87,25;7,62;6,29;;;;
174;13,22;88,57;3,85;7,05;;;;
175;13,77;87,44;14,32;5,35;;;;
176;14,42;89,08;8,22;8,23;;;;
177;14,42;89,76;10;7,07;;;;
178;14,68;88,4;7,66;8,01;;;;
179;14,34;90,94;3,53;5,82;;;;
180;13,85;90,33;7,82;7,82;;;;
181;12,5;92,25;2,73;6,01;;;;
182;12,91;90,95;5,48;5,51;;;;
183;13,19;89,8;6,23;8,15;;;;
184;12,74;91,48;9,72;4,87;;;;
185;12,79;88,56;10,23;8,27;;;;
186;12,42;84,42;6,15;6,33;;;;
187;13,15;90,64;5,57;8,47;;;;
188;14,16;89,51;5,9;6,66;;;;
189;14,46;90,72;6,59;7,53;;;;
190;13,96;92,41;2,13;4,53;;;;
191;13,14;91,67;7,06;6,49;;;;
192;13,56;88,29;6,2;7,45;;;;
193;13,16;91,69;1,29;7,63;;;;
194;13,6;90,55;4,19;5,13;;;;
195;13,91;89,83;8,15;6,18;;;;
196;14,82;89;10,26;6,18;;;;
197;14,82;89,26;7,9;4,91;;;;
198;15,27;89,76;5,14;6,27;;;;
199;14,81;92,07;3,66;7,73;;;;
200;13,52;92,82;4,04;5,70;;;;
201;13,74;90,09;7,4;6,23;;;;
202;14,56;90,68;5,48;8,34;;;;
203;14,35;90,54;4,57;4,63;;;;
204;13,49;89,55;1,79;6,87;;;;
205;13,58;88,92;0,77;7,47;;;;
206;13,91;87,5;0,98;7,54;;;;
207;14,48;87,11;2,55;7,36;;;;
208;14,77;87,87;6,84;7,41;;;;
209;14,59;90,85;10,48;4,74;;;;
210;14,12;88,84;4,91;6,64;;;;
211;13,9;91,11;3,2;7,63;;;;
212;14,23;88,6;12,35;4,88;;;;
213;14,01;90,23;2,06;4,55;;;;
214;12,9;91,45;5,68;7,76;;;;
215;12,25;88,57;2,57;7,35;;;;
216;12,69;87,27;10,54;6,15;;;;
217;12,17;86,3;7,26;8,26;;;;
218;12,82;87,77;4,81;7,57;;;;
219;14,16;86,61;6,64;8,37;;;;
220;15,67;86,18;9,06;8,22;;;;
221;15,23;89,92;5,78;6,43;;;;
222;14,69;89,99;6,87;7,52;;;;
223;13,91;86,95;4,02;7,18;;;;
224;14,01;86,96;6,81;7,75;;;;
225;14,26;88,14;3,76;7,65;;;;
226;14,24;87,88;3,3;5,11;;;;
227;14,02;89,73;6,81;5,43;;;;
228;14,21;88,59;3,74;5,56;;;;
229;14,78;88,33;4,48;7,77;;;;
230;14,98;88,56;5,51;7,74;;;;
231;15,01;86,27;6,06;6,48;;;;
232;15,65;84,89;18,09;6,82;;;;
233;15,03;86,13;3,71;7,81;;;;
234;15,03;86,47;8,51;5,75;;;;
235;15,95;83,37;6,94;4,70;;;;
236;16,25;88,67;4,87;6,43;;;;
237;16,23;85,98;4,58;8,15;;;;
238;16,36;84,98;4,31;7,66;;;;
239;15,61;84,37;6,72;5,97;;;;
240;15,18;79,07;8,82;4,76;;;;
241;13,55;88,57;0,38;7,05;;;;
242;13,72;84,95;1,7;7,84;;;;
243;14,92;85,11;8,54;7,16;;;;
244;14,22;88,69;4,73;6,20;;;;
245;15,28;84,69;12,5;4,99;;;;
246;15,58;90,67;9,85;8,14;;;;
247;15,5;86,6;15,02;5,60;;;;
248;15,34;87,85;12,44;5,40;;;;
249;13,67;88,24;0,87;7,76;;;;
250;14,6;85,79;10,92;8,42;;;;
251;15,6;86,76;6,94;7,14;;;;
252;15,31;86,94;11,47;7,00;;;;
253;15,41;83,82;10,1;5,78;;;;
254;14,63;84,3;6,14;4,58;;;;
255;13,81;87,08;1,08;5,27;;;;
256;14,43;75,04;16,55;6,84;;;;
257;15,42;81,46;13,64;5,11;;;;
258;14,6;85,48;5,81;8,04;;;;
259;13,88;84,23;4,97;5,25;;;;
260;14,56;86,46;12,42;6,59;;;;
261;14,16;80,66;11,9;6,55;;;;
262;14,59;77,7;16,76;6,92;;;;
263;15,39;81,64;11,44;5,81;;;;
264;14,66;89,76;4,2;7,99;;;;
265;13,41;90,15;2,8;6,28;;;;
266;14,14;83,99;1,78;7,30;;;;
267;13,5;87,28;4,49;7,04;;;;
268;12,34;90,09;1,54;4,97;;;;
269;14,23;84,69;19,72;6,99;;;;
270;14,69;79,67;22,52;6,70;;;;
271;14,9;85,81;6,88;8,09;;;;
272;15,49;84,73;8,37;8,02;;;;
273;15,14;86,54;1,05;5,10;;;;
274;15,17;86,67;5,51;4,83;;;;
275;16,29;85,09;10,35;5,68;;;;
276;16,84;84,81;15,81;8,45;;;;
277;16,94;83,39;8,65;4,59;;;;
278;16,27;89,22;3,87;7,19;;;;
279;16,02;88,3;0,85;6,93;;;;
280;15,88;85,04;8,2;7,09;;;;
281;15,29;84,11;7,54;5,37;;;;
282;16,2;85,55;8,72;5,41;;;;
283;15,62;91,86;3,14;6,22;;;;
284;16,41;85,82;8,26;4,88;;;;
285;15,66;88,43;10,83;4,80;;;;
286;16,6;81,53;21,36;4,85;;;;
287;17,27;84,96;17,17;6,79;;;;
288;16,55;89,19;4,73;6,09;;;;
289;14,93;86,85;3,19;5,67;;;;
290;15;85,91;3,68;5,76;;;;
291;15,47;81,69;12,33;5,33;;;;
292;15,82;85,71;8,48;6,15;;;;
293;15,77;84,36;6,81;5,31;;;;
294;16,27;87,13;9,31;7,29;;;;
295;16,35;86,05;7,21;5,00;;;;
296;16,9;82,62;9,36;8,29;;;;
297;16,8;85,1;13,34;4,86;;;;
298;17,16;87,81;5,97;8,27;;;;
299;15,57;92,93;0,97;7,83;;;;
300;15,28;88,15;5,43;7,22;;;;
301;15,38;89,95;8,93;8,15;;;;
302;15,12;89,85;6,11;5,06;;;;
303;16,07;86,39;9,35;5,21;;;;
304;15,38;92,51;4,89;5,51;;;;
305;16,51;86,73;10,77;5,48;;;;
306;16,04;87,21;11,77;5,74;;;;
307;16,58;83,66;11,41;6,80;;;;
308;15,97;89,93;5,95;4,61;;;;
309;16,64;86,98;4,3;6,03;;;;
310;16,28;86,18;8,27;5,49;;;;
311;15,86;82,47;5,01;6,93;;;;
312;16,55;84,72;7,7;8,44;;;;
313;16,78;84,42;1,87;6,57;;;;
314;16,19;87,58;4,19;6,20;;;;
315;15,23;90,43;6,97;5,97;;;;
316;15,58;88,67;4,67;7,64;;;;
317;15,35;84,03;7,11;4,79;;;;
318;16,46;85,57;7,43;8,34;;;;
319;16,69;87,58;12,55;6,17;;;;
320;16,5;89,04;8,03;5,75;;;;
321;16,69;89,03;7,74;8,40;;;;
322;16,63;87,17;13,54;8,24;;;;
323;15,82;88,66;2,88;7,07;;;;
324;15,65;86,5;5,69;4,57;;;;
325;15,47;90,34;10,17;7,49;;;;
326;15,66;88,53;11,9;5,84;;;;
327;15,66;92,19;1,37;6,05;;;;
328;15,5;91,51;4,78;5,13;;;;
329;14,45;91,41;0,79;6,59;;;;
330;15,89;84,57;13,52;7,48;;;;
331;16,37;83,43;14,55;5,59;;;;
332;16,03;88,4;14,25;8,25;;;;
333;16,19;90,01;4,66;5,28;;;;
334;15,82;89,85;2,42;4,77;;;;
335;16,06;82,79;16,98;7,08;;;;
336;15,89;88,17;13,83;7,90;;;;
337;15,46;89,17;5,63;8,31;;;;
338;15,72;88,12;8,83;7,57;;;;
339;15,5;90,11;5,92;5,30;;;;
340;15,89;88,75;5,74;8,41;;;;
341;15,8;88,83;7,12;8,18;;;;
342;16,66;90,09;7,57;5,15;;;;
343;17,19;89,15;6,66;6,74;;;;
344;17,13;89,87;4,64;6,72;;;;
345;16,66;89,85;1,7;6,27;;;;
346;16,2;88,55;6,04;8,44;;;;
347;15,8;88,42;11,71;4,74;;;;
348;16,78;87,89;10,82;7,01;;;;
349;16,36;89,87;9,07;5,32;;;;
350;16,47;91,42;1,76;6,61;;;;
351;16,52;90,24;2,32;7,62;;;;
352;16,53;89,3;2,59;5,49;;;;
353;16,81;88,02;3,98;6,07;;;;
354;16,63;90,89;3,32;8,30;;;;
355;16,84;89,28;11,89;7,55;;;;
356;16,32;89,58;4,96;6,79;;;;
357;16,39;89,23;5,6;5,39;;;;
358;16,66;89,65;9,23;6,20;;;;
359;16,66;86,95;1,71;7,60;;;;
360;16,8;84,12;12,28;7,78;;;;
361;16,7;85,43;15,72;5,48;;;;
362;16,38;88,08;1,19;7,15;;;;
363;16,37;86,42;2,16;4,88;;;;
364;16,38;88,75;10,74;4,59;;;;
365;16,52;86,68;14,4;6,69;;;;
1;16,63;84,71;17,25;5,40;;;;
2;16,4;83,55;19,69;4,82;;;;
3;16,17;81,82;15,81;7,42;;;;
4;16,32;86,9;8,2;6,49;;;;
5;15,52;89,85;3,49;7,69;;;;
6;15,06;81,94;17,32;7,16;;;;
7;15,47;83,54;9,15;7,42;;;;
8;16,65;82,65;24,9;5,73;;;;
9;16,5;84,38;16,33;5,55;;;;
10;15,77;88,53;2,94;6,90;;;;
11;16,51;85,32;9,45;5,30;;;;
12;15,82;88,83;9,39;7,76;;;;
13;14,95;91,83;5,98;6,59;;;;
14;14,48;90,92;1,43;5,41;;;;
15;15,21;87,93;3,64;7,00;;;;
16;15,92;87,56;8,08;8,28;;;;
17;15,78;87,78;0,98;4,83;;;;
18;16,15;84,11;4,79;4,94;;;;
19;14,98;88,52;8,24;7,88;;;;
20;14,61;88,03;5,64;4,94;;;;
21;16,03;84,57;3,77;4,66;;;;
22;16,78;85,11;11,18;5,89;;;;
23;16,18;90,13;6,44;6,37;;;;
24;16,31;87,22;10,77;6,78;;;;
25;15,2;93,98;1,65;6,53;;;;
26;15,03;87,18;3,5;8,15;;;;
27;16,67;85,19;5,14;7,57;;;;
28;16,18;85,85;14,41;8,44;;;;
29;16,25;85,01;9,57;6,41;;;;
30;16,54;84,58;6,66;4,84;;;;
31;16,4;82,09;4,85;8,32;;;;
32;15,97;86,7;4,77;4,52;;;;
33;15,78;82,33;7,03;7,60;;;;
34;16,4;86,43;7,48;4,63;;;;
35;16,27;92,2;4,83;7,54;;;;
36;16,78;84,26;7,16;8,25;;;;
37;15,57;90,24;5,14;6,06;;;;
38;16,1;85,5;0,56;5,46;;;;
39;15,64;88,35;1,32;5,41;;;;
40;16,01;89,09;2,3;6,47;;;;
41;16,73;86,12;5,39;5,18;;;;
42;15,67;88,87;1,52;7,19;;;;
43;15,97;90,16;2,64;5,97;;;;
44;16,13;89,03;6,88;5,79;;;;
45;16,26;86,3;1,31;6,35;;;;
46;16,19;88,08;2,24;6,67;;;;
47;15,94;87,93;6,3;5,07;;;;
48;15,83;90,11;3,68;7,33;;;;
49;16,04;89,7;3,39;8,03;;;;
50;16,16;89,15;7,41;5,61;;;;
51;16,23;87,87;2,24;5,22;;;;
52;15,89;87,78;8,09;7,54;;;;
53;15,44;85,07;7,29;5,23;;;;
54;16,22;86,11;4,07;4,67;;;;
55;15,69;92,76;1,79;6,98;;;;
56;16,16;89,55;1,65;5,46;;;;
57;16,1;91,91;3,13;5,19;;;;
58;15,59;91,5;0,96;8,43;;;;
59;15,19;87,88;7,71;5,67;;;;
60;15,86;87,7;6,29;8,11;;;;
61;15,74;89,43;4,3;5,21;;;;
62;15,55;92,43;1,89;7,78;;;;
63;15,81;88,47;10,73;6,51;;;;
64;15,99;91,52;6,19;4,81;;;;
65;15,61;89,32;1,45;7,43;;;;
66;15,82;85,63;10,89;8,07;;;;
67;15,92;81,61;2,08;5,15;;;;
68;15,9;87,13;12,69;7,40;;;;
69;15,59;90,91;6,24;6,28;;;;
70;15,39;89,72;5,53;7,52;;;;
71;15,46;84,11;1,76;7,36;;;;
72;15,57;86,97;5,03;4,61;;;;
73;16,26;89,32;10,01;5,21;;;;
74;15,22;92,06;4,35;6,38;;;;
75;16,07;88,15;6,49;8,23;;;;
76;15,56;92,22;3,64;5,87;;;;
77;16,25;89,7;3,01;7,02;;;;
78;15,36;89,72;1,19;4,55;;;;
79;15,97;87,51;3,32;7,34;;;;
80;15,85;91,06;2,35;6,91;;;;
81;15,62;91,56;2,44;7,36;;;;
82;16,29;91,77;2,94;8,12;;;;
83;16,47;86,86;3,98;5,09;;;;
84;15,94;88,36;2,77;5,55;;;;
85;15,57;89,41;0,64;8,48;;;;
86;14,59;90,14;0,49;5,13;;;;
87;14,41;90,48;3,97;7,38;;;;
88;15,23;89,09;1,72;7,40;;;;
89;16,3;88,55;5,59;7,23;;;;
90;16,03;90,09;1,74;5,41;;;;
91;15,64;87,95;1,36;5,36;;;;
92;14,51;91,08;2,87;7,17;;;;
93;15,57;82,76;9,24;5,25;;;;
94;16,32;89,41;2,56;7,15;;;;
95;15,46;91,04;11,36;6,47;;;;
96;15,34;88,96;9,34;6,05;;;;
97;15,55;86,92;6,32;5,70;;;;
98;16,12;86,63;4,51;8,29;;;;
99;15,07;91,86;0,72;6,53;;;;
100;15,43;88,51;2,47;6,75;;;;
101;15,7;88,14;3,63;8,30;;;;
102;15,83;90,04;2,25;7,12;;;;
103;15,91;90,52;4,41;8,33;;;;
104;16,05;90,24;8,08;4,93;;;;
105;15,32;88,56;5,9;7,89;;;;
106;15,28;91,08;0,87;5,84;;;;
107;15,38;91,68;2,79;7,74;;;;
108;15,48;91,65;1,32;7,92;;;;
109;15,4;90,67;3,05;5,59;;;;
110;15,35;86,88;2,05;6,14;;;;
111;14,52;88,51;8,54;7,40;;;;
112;13,49;87,9;7,2;4,90;;;;
113;15,28;81,39;11,87;7,52;;;;
114;14,75;94,73;1,19;4,94;;;;
115;15,02;89,77;3,11;8,16;;;;
116;15,26;87,22;13,28;5,61;;;;
117;15,53;90,16;8,09;6,80;;;;
118;15,3;91,32;1,87;4,97;;;;
119;14,71;90,55;3,27;5,58;;;;
120;13,39;92,29;3,1;6,12;;;;
121;14,17;87,34;7,78;6,45;;;;
122;15,02;87,25;9,31;4,50;;;;
123;16,21;88,84;14,95;8,05;;;;
124;15,58;85,9;4,03;4,53;;;;
125;15,26;93,68;0,29;7,59;;;;
126;15,35;90,58;8,18;6,38;;;;
127;14,82;91,72;5,47;6,60;;;;
128;14,74;89,56;9,29;5,33;;;;
129;15,04;88,28;8,86;6,93;;;;
130;15,47;88,84;8,1;6,65;;;;
131;15,5;90,24;8,78;5,16;;;;
132;15,27;90,13;3,14;5,45;;;;
133;14,91;90,05;5,61;4,77;;;;
134;15,22;89,57;2,13;4,77;;;;
135;15,15;89,81;6,77;4,56;;;;
136;15,34;90,99;3,35;5,38;;;;
137;14,73;92,8;1,64;7,22;;;;
138;13,68;92,72;0,79;5,76;;;;
139;13,87;91,87;5,4;5,87;;;;
140;14,55;89,64;4,23;5,03;;;;
141;15,01;89,78;9,08;6,80;;;;
142;14,94;89,85;13,77;5,87;;;;
143;15,25;83,73;3,57;7,21;;;;
144;14,87;93,08;7,65;7,47;;;;
145;14,92;91,38;1,56;6,84;;;;
146;13,66;90,44;5,95;5,60;;;;
147;13,21;88,43;7,58;6,53;;;;
148;13,35;88,94;3,91;5,51;;;;
149;14,18;90,27;5,86;8,11;;;;
150;14,46;91,01;1,13;7,57;;;;
151;14,75;88,76;4,9;6,47;;;;
152;14,91;93,64;4,48;8,36;;;;
153;15,07;88,89;3,79;6,69;;;;
154;14,32;92,67;1,94;5,81;;;;
155;14,36;89,74;4,82;4,88;;;;
156;14,06;90,02;6,33;6,67;;;;
157;14,48;88,03;7,93;7,94;;;;
158;14,43;88,87;2,33;7,97;;;;
159;14,69;91,33;4,51;6,92;;;;
160;15,6;88,22;5,43;6,07;;;;
161;15,54;89,37;6,42;7,10;;;;
162;14,54;93,19;1,38;7,55;;;;
163;13,3;91,03;5,89;6,15;;;;
164;13,4;91,36;3,94;6,41;;;;
165;13,47;89,21;8,49;7,22;;;;
166;13,94;85,44;10,25;8,01;;;;
167;14,26;88,31;6,45;7,66;;;;
168;14,78;89,03;5,73;4,59;;;;
169;15,44;92,68;3,62;5,00;;;;
170;14,72;89,97;4,74;7,91;;;;
171;14,02;88,7;2,89;7,84;;;;
172;13,97;88,72;9,19;6,06;;;;
173;14,95;90,15;9,99;6,84;;;;
174;15,15;91,62;1,84;8,12;;;;
175;14,34;92,34;4,4;8,15;;;;
176;12,81;89,48;2,95;7,63;;;;
177;11,63;91;4,76;5,34;;;;
178;13,23;85,82;13,42;7,42;;;;
179;13,94;86,06;16,5;4,90;;;;
180;14,49;88,34;4,79;8,08;;;;
181;14,8;89,06;9,74;5,10;;;;
182;14,72;89,5;4,87;7,15;;;;
183;14,36;90,23;3,5;6,94;;;;
184;14,75;90,53;6,12;7,61;;;;
185;14,67;91,1;4,57;6,71;;;;
186;13,44;91,91;3,36;4,74;;;;
187;14,29;88,26;7,62;7,32;;;;
188;14,75;88,38;13,97;6,03;;;;
189;15,05;89,92;3,45;5,78;;;;
190;14,77;90;3,55;8,47;;;;
191;14,47;88,76;3,66;6,86;;;;
192;14,32;89,83;6,75;7,34;;;;
193;14,58;89,46;7,62;6,61;;;;
194;14,67;87,85;6,73;7,58;;;;
195;15,56;89;8,5;7,51;;;;
196;15,4;88,6;5,69;7,13;;;;
197;14,49;84,93;12,32;8,49;;;;
198;13,54;92,76;0,53;6,34;;;;
199;13,35;83,51;2,18;7,32;;;;
200;13,91;88,65;7,98;7,69;;;;
201;13,03;88,86;4,45;6,00;;;;
202;13,55;88,12;4,27;6,33;;;;
203;14,67;87,06;5,46;8,38;;;;
204;15,53;87,27;0,63;4,63;;;;
205;14,43;89,69;3,94;5,84;;;;
206;14,54;89,46;3,07;6,44;;;;
207;14,21;88,77;2,79;4,51;;;;
208;12,72;91,58;2,66;8,10;;;;
209;13,45;89,76;8,75;5,64;;;;
210;14,09;84,63;16,53;5,53;;;;
211;14,54;87,99;11,92;7,78;;;;
212;15,17;88,43;8,9;5,61;;;;
213;15,56;89,69;7,66;7,13;;;;
214;15,14;89,58;2,26;7,79;;;;
215;14,89;88,85;5,49;7,67;;;;
216;14,53;86,92;3,49;7,63;;;;
217;13,92;89,05;2,78;4,85;;;;
218;14,19;83,63;5,35;4,82;;;;
219;14,44;86,45;10,44;5,73;;;;
220;15,65;86,82;9,7;4,64;;;;
221;14,95;88,4;1,69;6,50;;;;
222;13,52;88,89;3,22;6,08;;;;
223;13,18;86,13;4,01;6,73;;;;
224;13,76;83,79;14,21;5,70;;;;
225;14,8;84,38;13,62;6,44;;;;
226;13,5;89,9;2,87;5,84;;;;
227;14,17;82,82;8,83;5,28;;;;
228;14,83;83,83;14,07;7,10;;;;
229;15,8;83,5;12,33;7,19;;;;
230;16,32;81,77;14,32;7,82;;;;
231;14,93;88,36;8,9;8,00;;;;
232;13,59;90,45;0,44;7,32;;;;
233;13,32;87,62;3,02;7,25;;;;
234;13,17;85,85;5,86;4,73;;;;
235;13,66;85,27;15,8;4,94;;;;
236;13,57;83,87;5,01;7,75;;;;
237;13,78;80,33;3,63;5,43;;;;
238;13,99;82,25;5,56;5,92;;;;
239;14,44;83,13;11,13;5,08;;;;
240;14,02;84,01;1,92;5,28;;;;
241;12,73;85,4;1,53;7,60;;;;
242;13,97;85,44;5,48;5,55;;;;
243;14,37;85,01;3,67;6,30;;;;
244;15,79;82,79;14,86;5,11;;;;
245;15,87;85,46;7,85;7,21;;;;
246;14,1;89,76;1,47;7,41;;;;
247;13,46;84,57;3,51;5,95;;;;
248;13,07;85,06;1,08;7,64;;;;
249;12,92;82,63;0,77;5,46;;;;
250;14,5;81,55;4,36;7,27;;;;
251;15,24;73,09;20,93;7,42;;;;
252;14,84;83,26;6,72;8,37;;;;
253;14,83;85,67;2,78;5,43;;;;
254;15,05;83,11;6,45;4,87;;;;
255;16,09;80,75;21,71;5,55;;;;
256;16,36;83,54;11,21;4,99;;;;
257;15,54;85,46;5,6;5,18;;;;
258;14,91;81,87;7,08;5,84;;;;
259;14,76;86,57;1,33;6,16;;;;
260;14,59;82,24;4,54;8,11;;;;
261;15,77;77,77;16,3;5,28;;;;
262;16,35;80,68;11,87;8,39;;;;
263;15,95;81,79;2,51;7,74;;;;
264;15,82;84,81;7,28;8,03;;;;
265;16,4;76,87;17,55;8,22;;;;
266;16,31;82,32;19,19;7,51;;;;
267;14,43;85,1;0,23;7,66;;;;
268;15,25;78,74;14,61;6,25;;;;
269;15,74;82,96;18,7;6,54;;;;
270;15,74;83,5;19,84;8,23;;;;
271;16,17;81,62;10,74;6,01;;;;
272;16,33;78,95;15,51;4,67;;;;
273;15,67;84,83;10,48;7,55;;;;
274;13,4;86,69;6,76;6,79;;;;
275;13,64;81,89;3,16;7,76;;;;
276;14,61;77,18;13,28;4,80;;;;
277;14,99;86,55;4,73;6,98;;;;
278;16,2;88,12;11,36;5,49;;;;
279;16,45;84,89;9,5;8,11;;;;
280;15,45;88,67;5,06;4,94;;;;
281;14,37;84,86;1,47;7,87;;;;
282;13,82;82,64;14,3;4,85;;;;
283;14,45;83,67;9,04;4,60;;;;
284;14,79;84,94;9,5;5,44;;;;
285;15,56;83,79;6,67;5,83;;;;
286;16,1;87,05;8,66;7,01;;;;
287;16,23;91,68;8,25;5,03;;;;
288;15,35;92,39;0,9;6,25;;;;
289;15,1;88,38;5,2;5,32;;;;
290;15,68;86,91;7,39;7,92;;;;
291;16,16;90,02;5,56;4,68;;;;
292;15,7;90,48;4,8;5,92;;;;
293;15,66;87,66;1,9;7,03;;;;
294;16,22;88,31;8,25;8,15;;;;
295;16,59;87,56;3,65;7,97;;;;
296;15,86;92,96;0,46;8,08;;;;
297;15,3;88,72;7,67;4,75;;;;
298;16,22;88,01;11,33;7,86;;;;
299;16,35;90,26;0,35;7,62;;;;
300;16,92;87,63;10,57;8,11;;;;
301;15,52;89,17;2,69;5,75;;;;
302;16,08;88,19;14,46;8,15;;;;
303;16,7;81,76;15,11;6,11;;;;
304;17,04;85,63;12,86;7,04;;;;
305;17,15;86,46;9,84;6,20;;;;
306;14,55;92,6;1,74;6,21;;;;
307;14,14;88,71;4,19;6,69;;;;
308;14,71;86,31;3,91;5,92;;;;
309;15,47;88,43;9,43;7,67;;;;
310;15,9;87,75;4,63;7,03;;;;
311;15,86;86,34;11,09;7,26;;;;
312;15,71;88,91;3,7;5,42;;;;
313;15,82;88,01;4,04;8,38;;;;
314;15,37;89,33;1,41;7,14;;;;
315;15,34;91,77;5,22;5,29;;;;
316;14,79;89,34;3,52;7,50;;;;
317;16,52;87,12;12,41;5,19;;;;
318;17,22;85,88;11,97;4,75;;;;
319;16,05;92,85;2,86;6,61;;;;
320;15,89;89,81;1,27;6,71;;;;
321;15,65;87,77;3,98;5,26;;;;
322;15,13;89,94;9,25;5,89;;;;
323;16,27;85,34;14,99;8,28;;;;
324;16,98;87,93;11,83;5,64;;;;
325;17,43;88,29;12,99;5,12;;;;
326;16,45;85,08;8,14;8,47;;;;
327;15,36;89,52;2,38;5,71;;;;
328;15,7;86,55;9,25;7,22;;;;
329;15,71;88,89;8,33;5,43;;;;
330;16,22;89,29;10,66;6,70;;;;
331;15,73;90,84;4,45;6,05;;;;
332;15,89;87,5;8,91;8,35;;;;
333;15,83;88,16;4,3;6,23;;;;
334;16,3;84,37;13;6,84;;;;
335;15,77;86,45;2,44;8,28;;;;
336;15,77;87,9;10,75;8,46;;;;
337;15,67;90,14;7,02;4,91;;;;
338;15,37;90,25;9,55;7,84;;;;
339;15,5;84,19;13,19;6,03;;;;
340;15,37;87,91;9,12;6,88;;;;
341;14,69;89,97;3,87;6,00;;;;
342;15,58;87,75;15,08;6,10;;;;
343;15,21;88,84;9,21;5,14;;;;
344;14,76;90,6;7,33;6,79;;;;
345;14,64;90,37;4,56;6,69;;;;
346;14,83;91,74;9,28;5,26;;;;
347;13,83;91,47;6,03;6,67;;;;
348;14,01;89,18;3,2;8,39;;;;
349;15,11;88,62;4,66;7,36;;;;
350;15,41;84,18;11,87;6,42;;;;
351;14,96;89,43;6,75;8,16;;;;
352;15;84,42;12,18;6,80;;;;
353;15,25;85,35;17,83;5,04;;;;
354;14,8;87,73;13,28;6,69;;;;
355;15,21;82,31;11,47;5,22;;;;
356;15,37;85,51;15,96;7,57;;;;
357;15,84;85,09;14,48;8,37;;;;
358;15,57;84;8,67;5,94;;;;
359;15,27;88,86;11,06;6,24;;;;
360;14,11;82,74;6,17;6,19;;;;
361;14,81;80,81;21,97;5,64;;;;
362;16,25;82,84;15,78;7,68;;;;
363;16,34;83,03;15,17;6,97;;;;
364;16,74;88,77;11,78;4,76;;;;
365;15,82;87,77;1,07;7,86;;;;
1;14,59;90,32;9,56;5,25;;;;
2;14,51;87,37;2,59;8,42;;;;
3;15,23;86,14;8,79;6,01;;;;
4;15,71;84,13;12,63;6,97;;;;
5;15,19;91,32;7,64;4,81;;;;
6;15,47;86,94;9,04;5,88;;;;
7;14,58;90,19;1,21;7,71;;;;
8;13,81;93,04;3,65;6,41;;;;
9;14,74;87,3;6,21;8,12;;;;
10;15,57;86,25;8,7;6,80;;;;
11;15,05;91,99;4,29;8,21;;;;
12;14,13;89,63;5,87;8,43;;;;
13;14,95;86,59;10,06;6,32;;;;
14;15,17;90,34;5,64;6,76;;;;
15;14,69;91;1,83;7,84;;;;
16;15,17;87,94;7,88;5,39;;;;
17;14,34;90,51;0,51;7,95;;;;
18;14,55;88,78;4,66;6,87;;;;
19;14,65;88,94;4,17;7,40;;;;
20;14,65;90,61;4,59;4,82;;;;
21;14,54;89,69;0,84;7,56;;;;
22;14,4;87,39;5,75;5,74;;;;
23;13,82;89,3;5,33;7,72;;;;
24;14,33;88,81;5,23;6,54;;;;
25;14,59;85,76;15,86;5,60;;;;
26;15,52;84,23;15,04;8,31;;;;
27;15,13;81,51;21,66;7,56;;;;
28;14,82;81,65;20,49;8,44;;;;
29;14,1;78,42;21,41;5,96;;;;
30;15,39;78,74;16,33;7,10;;;;
31;15,44;85,69;7,6;6,95;;;;
32;15,81;83,7;10,66;7,25;;;;
33;14,45;83,11;15,56;4,65;;;;
34;13,8;80,42;22,25;5,67;;;;
35;14,62;82,29;12,2;8,14;;;;
36;14,17;88,11;4,97;6,20;;;;
37;14,31;89,35;4,4;8,34;;;;
38;15,13;86,41;9,64;5,35;;;;
39;14,9;86,63;10,99;8,49;;;;
40;15,18;86,01;6,01;7,29;;;;
41;15,92;89,17;4,44;7,61;;;;
42;15,62;89,7;4,22;6,09;;;;
43;15,87;86,65;2,18;8,13;;;;
44;15,55;90,5;6,78;6,68;;;;
45;16,17;90,33;5,18;7,22;;;;
46;15,83;92,18;2,97;4,88;;;;
47;15,98;90,05;3,33;7,03;;;;
48;17,02;85,45;8,6;8,02;;;;
49;15,32;87,97;4,55;5,21;;;;
50;15,03;82,3;11,2;7,45;;;;
51;15,22;82,46;10,24;4,60;;;;
52;15,71;86,3;3,1;8,20;;;;
53;14,93;87,77;3,65;8,43;;;;
54;15,61;85,04;11,41;5,92;;;;
55;15,28;82,36;18,61;4,93;;;;
56;15,96;83,08;14,83;7,13;;;;
57;16,14;85,73;12,2;4,62;;;;
58;16,04;87,05;7,99;6,43;;;;
59;16,27;88,54;0,85;5,59;;;;
60;16,24;85,96;3;6,39;;;;
61;15,99;89,65;5,76;4,57;;;;
62;16,8;86,63;3,96;4,71;;;;
63;16,73;89,41;2,89;4,56;;;;
64;15,86;87,49;1,3;6,98;;;;
65;15,87;88,17;1,02;6,74;;;;
66;15,9;90,56;3,11;5,43;;;;
67;16,11;90,72;4,79;7,09;;;;
68;15,8;85,67;0,29;8,04;;;;
69;16,07;86,31;3,64;5,61;;;;
70;14,88;90,74;0,61;7,83;;;;
71;15,16;90,87;0,52;7,15;;;;
72;15,89;87,45;0,27;4,64;;;;
73;15,71;87,93;2,52;6,00;;;;
74;15,17;90,32;0,17;6,53;;;;
75;15,87;83,27;11,02;7,43;;;;
76;16,18;81,63;10,67;5,65;;;;
77;15,62;90,59;5,84;8,43;;;;
78;15,96;85,96;2,14;7,24;;;;
79;15,99;82,38;9,56;5,99;;;;
80;15,85;87,8;7,87;4,89;;;;
81;15,58;90,11;4,88;5,23;;;;
82;16,24;87,71;2,74;6,45;;;;
83;15,38;88,55;0,34;6,48;;;;
84;15,16;89,32;1;7,57;;;;
85;15,1;90,17;1,97;7,40;;;;
86;15;89,71;3,19;5,31;;;;
87;14,67;88,82;2,4;6,88;;;;
88;15,56;87,11;0,87;4,58;;;;
89;15,97;89,96;5,62;6,09;;;;
90;15,55;89,83;1,63;7,56;;;;
91;15,34;90,54;2,37;6,10;;;;
92;14,97;89,66;0,44;7,84;;;;
93;14,85;86,24;6,7;8,40;;;;
94;16,07;87,54;8,4;6,93;;;;
95;16,36;90,71;4,2;5,08;;;;
96;15,74;90,43;3,61;6,02;;;;
97;16,04;88,27;2,42;4,54;;;;
98;15,12;90,62;0,48;6,91;;;;
99;14,9;88,79;6,28;7,79;;;;
100;15,11;88;8,81;7,02;;;;
101;15,89;87,22;10,2;7,64;;;;
102;16,01;88,82;5,67;7,70;;;;
103;16,55;87,42;4,74;7,90;;;;
104;16,76;88,07;2,28;5,57;;;;
105;16,49;90,35;4,08;7,99;;;;
106;15,67;86,98;0,18;7,12;;;;
107;16,06;88,13;5,48;5,66;;;;
108;16,35;87,42;13,53;8,45;;;;
109;15,78;91,27;3,81;8,30;;;;
110;15,01;92,04;0,58;6,80;;;;
111;16,09;87,48;0,58;7,87;;;;
112;16,01;88,14;3,63;5,55;;;;
113;15,13;88,91;0,39;6,16;;;;
114;15,4;87,67;3,03;5,24;;;;
115;16,06;87,03;9,87;6,58;;;;
116;15,77;89,02;4,64;6,48;;;;
117;15,99;89,01;5,15;5,35;;;;
118;15,55;91,2;7,07;7,19;;;;
119;15,49;90,22;3,93;4,97;;;;
120;14,94;89,84;5,6;4,75;;;;
121;14,11;90,35;8,98;6,04;;;;
122;14,92;87,76;7,06;6,14;;;;
123;15,61;89,59;6,38;5,78;;;;
124;16,1;89,87;5,42;5,53;;;;
125;15,39;90,38;12,19;5,86;;;;
126;14,97;90,53;1,2;5,15;;;;
127;15,56;86,74;11,59;6,11;;;;
128;16,07;89,56;6,92;8,12;;;;
129;15,36;93,18;1,24;5,40;;;;
130;14,77;90,6;1,14;7,24;;;;
131;15,1;88,66;5,98;5,07;;;;
132;15,43;91,08;9,44;5,92;;;;
133;15,28;93,34;2,67;5,78;;;;
134;15,13;91,12;1,85;8,25;;;;
135;15,08;90,77;0,8;6,21;;;;
136;15,33;86,41;5,25;7,26;;;;
137;16,02;87,12;11,85;6,91;;;;
138;16,19;87,48;14,32;5,06;;;;
139;16,8;91,68;1,66;8,26;;;;
140;17,08;90,34;0,11;5,88;;;;
141;17,73;84,93;4,12;4,68;;;;
142;17,11;91,19;7,58;5,70;;;;
143;16,36;91,05;2,19;5,84;;;;
144;16;89,86;5;4,87;;;;
145;15,42;90,8;8,5;6,98;;;;
146;15,28;89,25;1,37;5,89;;;;
147;15,63;89,67;10,78;7,02;;;;
148;15,13;89,53;7,31;4,53;;;;
149;15,35;88,7;12,59;8,43;;;;
150;15,24;89,7;9,81;5,18;;;;
151;14,59;90,49;2,79;7,14;;;;
152;14,1;92,38;1,12;7,36;;;;
153;13,86;91,31;5,36;5,19;;;;
154;14,31;88,7;15,63;4,95;;;;
155;14,08;86,89;2,69;5,11;;;;
156;14,04;89,74;5,1;5,49;;;;
157;14;90,17;3,77;5,17;;;;
158;14,65;88,27;5,45;7,20;;;;
159;14,66;89,19;2,51;6,18;;;;
160;15,41;88,1;5,31;6,65;;;;
161;15,67;89,11;10,95;4,69;;;;
162;15,68;89;4,64;7,94;;;;
163;15,26;84,78;13,3;5,18;;;;
164;15,36;89,22;11,96;5,94;;;;
165;14,11;90,56;1,32;4,79;;;;
166;13,69;91,86;3,63;5,05;;;;
167;14,46;90,12;4,22;7,16;;;;
168;13,25;90,34;2,64;7,27;;;;
169;13,17;89,31;6,21;7,21;;;;
170;14,06;88,77;16,87;6,71;;;;
171;14,79;89,39;8,15;8,31;;;;
172;14,8;90,35;6,94;6,53;;;;
173;14,99;91,28;1,91;6,30;;;;
174;14,91;91,19;4,17;5,49;;;;
175;13,93;88,06;5,81;4,90;;;;
176;13,06;88,24;3,97;6,69;;;;
177;13,54;87,03;4,54;5,76;;;;
178;14,27;87,69;11,8;6,60;;;;
179;14,28;88,65;3,49;5,32;;;;
180;14,58;90,02;8,44;7,85;;;;
181;13,87;89,07;6,8;8,50;;;;
182;14,24;89,26;5,51;5,79;;;;
183;13,87;90,01;5,98;7,87;;;;
184;14,92;87,69;9,98;7,99;;;;
185;15,41;88,25;8,17;8,48;;;;
186;15,49;88,95;8,63;5,87;;;;
187;15,52;91,9;4,47;7,52;;;;
188;16,19;89,75;4,89;5,42;;;;
189;15,28;90,49;3,27;7,00;;;;
190;15,27;89,23;7,38;7,32;;;;
191;15,73;88,3;6,37;7,46;;;;
192;15,45;88,65;7,93;5,33;;;;
193;15,26;89,15;5,06;7,89;;;;
194;15,77;88,95;8,5;6,18;;;;
195;14,76;93,48;4,24;5,37;;;;
196;14,42;91,81;5,03;6,67;;;;
197;14,73;90,04;6,05;7,95;;;;
198;13,58;88,67;4,47;8,37;;;;
199;13,15;82,55;4,99;7,49;;;;
200;14,18;91,32;7,19;4,52;;;;
201;14,11;91,85;7,25;5,04;;;;
202;14,4;90,41;2,44;4,81;;;;
203;14,21;90,16;7,61;4,90;;;;
204;14,72;88,64;3,09;6,03;;;;
205;14,2;89,53;3,22;5,85;;;;
206;14,77;89,18;4,51;4,95;;;;
207;15,94;86,24;13,21;8,03;;;;
208;15,59;91,31;11,39;6,96;;;;
209;14,99;93,71;2,65;7,69;;;;
210;15,12;91,54;5,06;5,99;;;;
211;13,8;89,91;3,96;6,14;;;;
212;13,65;88,95;3,73;5,77;;;;
213;12,98;88,07;3,45;6,25;;;;
214;13,4;80,68;13,93;6,94;;;;
215;13,72;82,42;4,91;6,47;;;;
216;14,13;87,18;6,7;7,85;;;;
217;14,49;87,15;7,02;8,10;;;;
218;15,07;87,5;1,6;6,38;;;;
219;14,87;88,59;4,02;5,46;;;;
220;15,08;91,48;7,71;8,28;;;;
221;15,06;86,06;5,16;7,44;;;;
222;15,61;86,77;11,46;7,06;;;;
223;14,78;86,41;4,78;7,48;;;;
224;15,49;88,58;10,52;4,80;;;;
225;15,37;91,91;1,35;4,77;;;;
226;14,47;88,24;2,17;5,11;;;;
227;14,67;88,4;3,46;5,09;;;;
228;15,13;84,23;11,06;6,18;;;;
229;15,25;82,31;14,04;5,13;;;;
230;17,02;84,8;13,78;7,92;;;;
231;17,04;91,77;5,85;6,81;;;;
232;16,97;90,83;4,4;5,97;;;;
233;16,88;88,99;2,53;4,78;;;;
234;16,41;88,53;0,6;6,86;;;;
235;16,5;81,78;10;4,97;;;;
236;16,57;88,4;4,94;7,47;;;;
237;16,19;87,47;6,98;7,71;;;;
238;16,08;85,59;21,64;6,68;;;;
239;16,08;83,48;15,19;5,10;;;;
240;15,63;86,48;8,13;7,65;;;;
241;16,46;83,09;12,84;5,73;;;;
242;16,35;84,51;14,59;5,39;;;;
243;16,34;85,35;9,1;6,38;;;;
244;16,89;85,34;14,73;8,19;;;;
245;17,24;83,34;10,9;5,69;;;;
246;17,26;84,26;9,82;8,12;;;;
247;16,76;84,49;6,65;4,71;;;;
248;15,86;88,08;10,42;4,83;;;;
249;16,22;84,86;9,2;7,29;;;;
250;16,08;84;11,27;5,26;;;;
251;16,26;84,53;8,18;5,77;;;;
252;15,64;88,28;5,57;5,05;;;;
253;15,1;86,69;1,33;5,83;;;;
254;15,79;74,75;14,15;5,62;;;;
255;16,36;78,15;21,11;7,45;;;;
256;16,84;82,56;10,38;7,31;;;;
257;15,99;86,68;5,71;8,32;;;;
258;15,53;77,94;9,7;7,40;;;;
259;16,41;82,21;16,72;7,28;;;;
260;17,17;83,3;3,3;7,28;;;;
261;16,34;84,44;6,55;8,03;;;;
262;17,07;80,2;2,3;5,68;;;;
263;16,65;78,3;10,21;5,70;;;;
264;16,76;80,97;6,4;7,46;;;;
265;17,19;79,07;15,5;5,41;;;;
266;15,9;88,19;10,08;8,15;;;;
267;15,92;84,6;7,8;6,64;;;;
268;16,59;82,6;3,35;5,70;;;;
269;17,37;80,5;11,91;7,60;;;;
270;18,58;79,32;13,5;5,75;;;;
271;17,9;84,81;2,3;8,35;;;;
272;18,44;78,15;7,88;8,43;;;;
273;17,8;82,31;7,99;7,17;;;;
274;17,85;75,65;8,95;4,95;;;;
275;18,04;81,22;17,79;5,55;;;;
276;18,11;82,6;9,47;6,56;;;;
277;18,43;71,53;6,4;7,91;;;;
278;17,96;77,74;4,57;5,24;;;;
279;17,6;78,37;8,37;4,92;;;;
280;18,47;77,48;14,24;4,80;;;;
281;17,88;83,53;4,04;6,53;;;;
282;17,35;83,28;5,87;8,04;;;;
283;16,24;88,37;2,42;4,67;;;;
284;16,32;77,42;11,85;5,35;;;;
285;17,63;78,16;13,97;7,27;;;;
286;15,72;89,11;7,05;7,80;;;;
287;15,5;83,7;4,91;7,73;;;;
288;15,68;75,62;3,14;7,64;;;;
289;16,39;80,25;11,26;5,02;;;;
290;16,88;82,26;11,5;6,09;;;;
291;16,53;81,83;3,8;8,44;;;;
292;16,64;82,75;4,36;8,46;;;;
293;16,52;77,09;1,79;6,91;;;;
294;17,2;78,41;7,96;7,34;;;;
295;16,85;80,77;10,13;8,31;;;;
296;17,19;76,41;15,3;6,30;;;;
297;16,81;85,79;3,35;5,05;;;;
298;17,14;87,07;6,71;7,18;;;;
299;16,53;87,27;4,01;8,34;;;;
300;16,63;80,94;5,05;7,29;;;;
301;16,19;81,29;1,42;7,71;;;;
302;15,65;86,19;0,19;6,19;;;;
303;16,46;84,39;7,52;4,89;;;;
304;16,76;86,35;0,7;5,18;;;;
305;16,29;89,35;0,61;8,43;;;;
306;16,23;89,88;0,82;6,47;;;;
307;16,62;87,31;9,29;4,55;;;;
308;15,52;88,82;0,47;8,32;;;;
309;15,74;88,63;3,23;6,49;;;;
310;15,83;87,73;2,6;7,85;;;;
311;15,84;86,29;8,22;6,69;;;;
312;16,44;86,49;4,92;4,91;;;;
313;16,36;91,28;1,89;6,96;;;;
314;16;90,47;4,61;8,49;;;;
315;16,44;88,99;5,69;4,64;;;;
316;16,85;89,27;4,53;7,87;;;;
317;17,15;86,55;11;5,44;;;;
318;17,45;87,86;5,5;6,08;;;;
319;16,84;88,66;7,26;5,99;;;;
320;15,93;84,84;7,28;8,10;;;;
321;16,93;69,93;15,2;6,52;;;;
322;17,22;82,85;4,58;6,29;;;;
323;17,15;88,55;10,15;7,77;;;;
324;15,85;84,85;9,08;4,70;;;;
325;16,45;85,37;2,09;4,85;;;;
326;17,13;83,97;6,97;4,59;;;;
327;17,31;86,51;8,89;7,25;;;;
328;15,24;90,09;1,46;6,60;;;;
329;15,6;85,06;8,18;8,00;;;;
330;16,39;86,08;11,77;6,49;;;;
331;16,7;87,81;13,41;5,39;;;;
332;15,86;88,77;2,72;7,72;;;;
333;16,33;85,09;3,92;5,68;;;;
334;16,16;87,9;8,87;8,24;;;;
335;15,99;84,89;9,44;5,50;;;;
336;16,12;84,84;9,41;5,17;;;;
337;16,69;83,19;12,92;6,47;;;;
338;17,47;84,92;15,01;4,70;;;;
339;16,72;83,65;9,25;4,65;;;;
340;15,74;88,82;4,15;6,48;;;;
341;16,11;82,61;4,67;5,36;;;;
342;16;87,95;3,99;4,54;;;;
343;16,6;88,38;5,72;5,68;;;;
344;17,17;88,16;5,4;6,41;;;;
345;16,93;88,75;6,17;6,08;;;;
346;16,26;89,78;8,58;5,04;;;;
347;16,98;86,76;7,83;6,82;;;;
348;17,63;86,36;4,75;7,34;;;;
349;16,62;90,86;2,23;7,20;;;;
350;16,2;92,78;4,88;6,08;;;;
351;16,65;89,29;1,11;5,05;;;;
352;16,33;90,02;8,9;6,50;;;;
353;17,16;89,96;1,93;8,06;;;;
354;16,77;88,82;9,62;6,37;;;;
355;15,62;93,56;2,92;5,28;;;;
356;16,57;85,89;3,89;4,87;;;;
357;15,98;95;1,66;8,28;;;;
358;16,55;90,08;8,33;7,47;;;;
359;16,8;88,9;1,7;5,75;;;;
360;16,43;86,33;0,39;5,68;;;;
361;16,65;89;3,61;8,08;;;;
362;15,9;91,53;1,62;5,21;;;;
363;17,13;87,81;10,62;6,64;;;;
364;16,5;92,36;6,48;7,35;;;;
365;15,85;92,19;1,1;6,09;;;;
1;17,03;84,96;5,03;4,66;;;;
2;17,56;85,74;12,52;5,41;;;;
3;17,86;83,79;13,44;8,11;;;;
4;17,87;84,67;14,87;6,59;;;;
5;16,9;87,45;10,34;7,76;;;;
6;16,12;82,49;12,2;6,72;;;;
7;16,36;83,65;10,8;8,27;;;;
8;16,38;86,05;9,12;8,14;;;;
9;16,42;86,77;3,61;6,43;;;;
10;16,31;79,79;19,3;5,77;;;;
11;17;83,87;14,82;6,91;;;;
12;17,14;91,11;7,63;7,20;;;;
13;17,06;86,75;10,21;6,49;;;;
14;17,16;85,91;13,55;7,79;;;;
15;16,63;83,09;12,48;5,23;;;;
16;15,98;86,68;7,53;5,84;;;;
17;16,54;84,65;6,47;7,25;;;;
18;17,32;86,41;5,04;5,49;;;;
19;17,39;87,24;11,1;6,26;;;;
20;16,98;88,86;1,21;8,35;;;;
21;15,69;90,98;5,63;7,00;;;;
22;16,18;86,77;13,83;8,30;;;;
23;16,19;81,8;21,53;7,39;;;;
24;16,2;81,83;24,78;7,40;;;;
25;17,02;82,79;25,34;6,87;;;;
26;17,1;80,97;27,01;5,07;;;;
27;18,19;77,95;21,79;6,58;;;;
28;17,97;83,89;10,2;5,51;;;;
29;17,99;82,33;13,99;8,49;;;;
30;17,64;77,52;16,74;5,57;;;;
31;16,63;85,52;8,67;5,42;;;;
32;18,18;83,78;4,44;7,00;;;;
33;17,59;88,66;0,12;6,54;;;;
34;17,28;88,94;10,89;4,59;;;;
35;17,22;86,31;4,24;5,02;;;;
36;15,82;88,64;0,89;7,74;;;;
37;16,02;85,75;7,87;6,43;;;;
38;16,74;86,28;11,88;5,08;;;;
39;17,61;87,18;15,7;6,36;;;;
40;17,39;89,26;7,85;5,51;;;;
41;17,39;88,85;7,02;5,39;;;;
42;16,67;91,34;11,24;8,33;;;;
43;17,3;89,89;5,27;5,95;;;;
44;17,64;84,79;7,48;4,69;;;;
45;16,11;88,6;3,08;8,38;;;;
46;16,16;91,68;4,03;7,68;;;;
47;17,05;88,65;5,14;5,52;;;;
48;17,38;90,59;7,8;6,14;;;;
49;17,2;90,89;6,7;7,95;;;;
50;18,3;85,51;9,32;5,93;;;;
51;17,39;91,12;11,67;6,77;;;;
52;16,87;80,23;8,57;6,64;;;;
53;16,52;68,71;19,06;6,11;;;;
54;17,6;73,89;16,66;7,06;;;;
55;17,23;85,54;12,03;6,39;;;;
56;16,79;83,62;6,78;4,58;;;;
57;16,87;88,71;3,82;7,76;;;;
58;16,7;87,19;0,79;4,95;;;;
59;17,21;87,55;2,55;6,36;;;;
60;16,91;88,68;3,54;6,82;;;;
61;16,89;85,78;7,59;7,32;;;;
62;16,58;90;0,63;6,14;;;;
63;17,16;90,58;0,64;7,44;;;;
64;16,84;89,62;5,8;5,03;;;;
65;17,32;87,61;5,95;7,11;;;;
66;17,83;88,78;7,15;7,81;;;;
67;18,28;87,83;1,95;8,06;;;;
68;17,89;87,21;2,68;6,82;;;;
69;17,5;87,78;1,72;5,75;;;;
70;17,02;88,71;4,4;5,15;;;;
71;17,85;87,09;2,16;5,88;;;;
72;17,62;83,68;1,74;6,66;;;;
73;17,72;83,78;2,59;5,29;;;;
74;17,44;87,44;0,89;8,31;;;;
75;17,44;86,8;3,5;8,09;;;;
76;18,08;86,6;7,6;4,63;;;;
77;17,58;87,21;11,14;6,75;;;;
78;17;88,41;3,6;7,66;;;;
79;17,19;87,32;8,68;5,48;;;;
80;17,71;83,71;9,89;6,60;;;;
81;18,29;83,88;4,54;6,12;;;;
82;17,05;89,82;2,02;5,29;;;;
83;16,93;85,5;0,69;6,96;;;;
84;18,19;85,92;5,27;8,47;;;;
85;17,19;88,68;2,55;5,96;;;;
86;17,39;84,12;5,12;6,71;;;;
87;15,36;84,41;2,29;5,81;;;;
88;17,8;75,53;6,63;8,01;;;;
89;16,84;89,5;3,63;7,96;;;;
90;17,27;83,65;8,33;5,22;;;;
91;16,63;85,51;2,2;8,10;;;;
92;17,07;85,12;3,97;5,11;;;;
93;16,88;90,29;0,73;4,88;;;;
94;17,24;88,05;0,41;7,11;;;;
95;16,33;89,9;2,78;6,04;;;;
96;16,3;84,83;3,86;6,62;;;;
97;16,98;86,51;3,25;7,11;;;;
98;16,68;88,38;9,5;4,71;;;;
99;16,39;85,63;4,38;5,67;;;;
100;17,06;83,97;10,81;6,34;;;;
101;17,58;81,94;11,46;5,57;;;;
102;18,1;80,45;9,26;4,70;;;;
103;18,2;84,46;9,28;4,85;;;;
104;17,97;85,31;6,69;7,71;;;;
105;17,68;85,15;6,92;8,15;;;;
106;17,78;82,49;9,57;5,11;;;;
107;17,65;80,95;9,75;5,50;;;;
108;17,21;89,32;0,57;7,11;;;;
109;16,45;88,71;1,84;8,32;;;;
110;16,31;91,81;3,41;5,70;;;;
111;17,36;86,2;10,48;7,92;;;;
112;16,8;91,65;9,9;6,52;;;;
113;16,02;92,04;0,29;8,33;;;;
114;15,95;88,53;8,26;5,05;;;;
115;15,73;88,84;1,52;8,39;;;;
116;16,07;89,11;4,31;6,26;;;;
117;17,08;86,77;6,38;8,31;;;;
118;17,07;87,58;6,98;6,33;;;;
119;16,6;91,69;7,2;6,62;;;;
120;17,1;86,26;8,07;7,72;;;;
121;16,91;85,04;11,89;7,39;;;;
122;16,84;90,16;4,54;6,98;;;;
123;17,17;88,15;13,09;6,17;;;;
124;16,9;91,19;3,3;7,67;;;;
125;16,87;92,44;7,61;8,29;;;;
126;15,59;91,51;2,07;4,54;;;;
127;16,77;88,31;9,32;6,85;;;;
128;17,22;90,03;11,46;7,96;;;;
129;16,49;93,74;1,83;7,11;;;;
130;15,73;89,54;3,32;7,70;;;;
131;16,02;88,2;6,84;8,08;;;;
132;16,47;87,43;7,6;7,50;;;;
133;17,12;86,12;11,5;7,37;;;;
134;17,1;89,58;12,96;8,36;;;;
135;16,54;90,12;0,3;7,95;;;;
136;15,68;90,7;2,55;7,76;;;;
137;15,89;89,55;4,27;4,85;;;;
138;17,08;86,07;9,62;5,46;;;;
139;17,16;89,18;1,82;6,73;;;;
140;16,94;87,34;9,56;7,34;;;;
141;16,95;90,15;2,4;5,71;;;;
142;16,22;89,5;5,73;4,87;;;;
143;16,24;90,77;4,21;5,74;;;;
144;17,39;88,56;5,55;7,58;;;;
145;17,91;84,88;6,64;8,01;;;;
146;16,17;90,53;0,5;8,15;;;;
147;15,37;89,5;5,75;6,02;;;;
148;15,67;87,44;6,86;5,99;;;;
149;15,68;88,91;9,48;6,13;;;;
150;14,37;92,55;2,75;6,00;;;;
151;15,53;89,79;8,44;7,16;;;;
152;15,89;89,99;8,4;5,93;;;;
153;15,88;89,56;16,29;4,58;;;;
154;16,14;89,97;13,3;6,26;;;;
155;15,97;90,63;7,48;5,40;;;;
156;15,02;92,66;1,97;4,62;;;;
157;14,91;90,74;3,42;6,38;;;;
158;14,36;93,01;3,22;5,32;;;;
159;14,58;92,24;2,57;6,31;;;;
160;14,98;91,41;4,39;5,61;;;;
161;15,46;90,76;6,47;6,91;;;;
162;15,26;92,86;3,81;8,46;;;;
163;15,19;91,38;2,37;6,69;;;;
164;15,41;89,81;6,88;7,09;;;;
165;15,72;88,86;6,37;8,18;;;;
166;15,92;90,48;2,46;6,00;;;;
167;15,71;92,18;5,32;5,17;;;;
168;14,39;89,73;3,82;5,63;;;;
169;15,07;84,41;15,66;6,11;;;;
170;16,19;89,22;11,69;7,08;;;;
171;16,02;92,29;1,25;4,52;;;;
172;15,43;89,81;5,09;7,91;;;;
173;14,55;89,6;3,04;4,80;;;;
174;15,45;87,48;11,15;8,10;;;;
175;15,57;85,47;7,69;8,30;;;;
176;15,05;89,52;8,48;8,46;;;;
177;14,9;89,48;4,92;7,74;;;;
178;15,03;90,75;2,4;5,07;;;;
179;14,25;89,08;7,91;7,32;;;;
180;15,84;86,51;10,39;5,31;;;;
181;16,67;89,49;12,61;8,09;;;;
182;15,45;88,88;4,15;5,77;;;;
183;14,61;91,06;7,6;5,81;;;;
184;14,37;89,05;2,52;8,17;;;;
185;14,48;90,05;3,53;4,55;;;;
186;15,26;88,29;6,51;5,28;;;;
187;14,34;92,19;2,85;6,19;;;;
188;14,58;89,17;3,27;7,30;;;;
189;13,93;89,17;2,01;7,09;;;;
190;14,45;87,73;13,67;7,18;;;;
191;14,82;90,36;5,21;8,02;;;;
192;15,02;89,38;10,19;4,98;;;;
193;16,21;88,65;6,81;6,59;;;;
194;14,93;88,22;1,96;7,40;;;;
195;13,17;90,94;2,73;7,04;;;;
196;14,28;90,53;5,03;6,29;;;;
197;14,91;89,49;10,19;4,57;;;;
198;14,41;89,4;7,08;4,74;;;;
199;13,32;90,2;5,02;4,98;;;;
200;12,72;89,37;1,72;5,87;;;;
201;13,53;88,92;4,5;4,97;;;;
202;13,21;89,29;4,02;6,20;;;;
203;13,69;88,49;5,98;5,21;;;;
204;13,53;90,55;4,03;7,62;;;;
205;14;90,59;2,99;7,99;;;;
206;13,81;89,6;1,35;6,06;;;;
207;14,29;88,51;3,35;6,55;;;;
208;14,69;88,48;4,06;8,31;;;;
209;15,14;87,63;4,23;6,64;;;;
210;14,74;88,85;6,52;8,48;;;;
211;14,98;88,82;6,74;5,07;;;;
212;14,76;87,73;4,74;7,95;;;;
213;14,2;87,54;4,27;6,49;;;;
214;13,52;88,96;0,86;4,59;;;;
215;14,9;82;22,2;8,39;;;;
216;15,62;87,91;10;8,36;;;;
217;16,26;87,74;5,41;6,03;;;;
218;15,14;87,07;2,2;8,32;;;;
219;15,33;84,36;2,27;5,06;;;;
220;16,05;84,57;8,41;7,22;;;;
221;16,1;83,06;13,48;5,27;;;;
222;15,79;89,12;2,57;5,49;;;;
223;14,4;88,84;0,5;7,62;;;;
224;15,09;85,32;5,82;6,01;;;;
225;15,29;85,24;1,14;4,53;;;;
226;14,18;87,21;2,66;6,16;;;;
227;14,11;84,43;1,36;5,41;;;;
228;14,64;87,4;2,01;7,23;;;;
229;14,98;87,12;7,03;5,28;;;;
230;14,76;84,83;11,52;7,87;;;;
231;15,49;82,27;16,87;5,57;;;;
232;15,97;84,86;7,09;6,07;;;;
233;16,28;87,51;5,76;5,69;;;;
234;16,32;84,75;15,33;7,08;;;;
235;16,18;83,03;6,24;4,90;;;;
236;16,67;85,55;5,73;6,41;;;;
237;16,31;83,88;8,77;5,84;;;;
238;15,17;84,37;8,31;8,04;;;;
239;15,18;78,18;4,07;4,79;;;;
240;14,84;81,48;11,68;7,82;;;;
241;15,62;83,19;12,17;5,17;;;;
242;15,64;81,41;9,98;4,85;;;;
243;14,98;73,95;17,05;5,31;;;;
244;14,99;72,08;10,86;4,91;;;;
245;15,47;81,44;3,72;6,58;;;;
246;14,92;82,18;5,56;8,45;;;;
247;15,43;69,2;6,73;4,64;;;;
248;16,11;79,84;9,97;6,34;;;;
249;15,28;88,87;0,7;6,04;;;;
250;16,32;82,29;7,36;5,86;;;;
251;16,04;84,31;8,6;5,83;;;;
252;16,03;82,13;2,3;8,08;;;;
253;15,52;84,66;7,04;4,58;;;;
254;15,92;76,69;13,06;7,60;;;;
255;16,49;73,29;12,49;5,51;;;;
256;17,09;78,97;12,65;6,03;;;;
257;17,05;83,56;9,54;6,18;;;;
258;17,5;82,12;14,92;5,72;;;;
259;17,98;80,83;15,85;4,87;;;;
260;17,42;85,78;5,74;4,96;;;;
261;16,33;80,86;3,23;5,69;;;;
262;17,03;79,84;8,51;7,79;;;;
263;17,19;81,6;7,57;5,04;;;;
264;17,14;80,81;3,94;7,47;;;;
265;17,21;84,3;7,78;5,66;;;;
266;17,32;79,55;8,15;8,03;;;;
267;17,4;75,37;13,24;6,21;;;;
268;17,2;75,77;18,82;5,19;;;;
269;17,31;79,33;9,38;8,44;;;;
270;17,49;78,85;13,03;5,21;;;;
271;17,15;77,93;6,09;6,77;;;;
272;16,11;83,63;0,26;6,78;;;;
273;16,03;86,8;5,66;5,99;;;;
274;15,91;82,79;9,19;8,31;;;;
275;17,1;77,78;11,88;7,88;;;;
276;18,11;79,51;10,34;7,82;;;;
277;16,85;82,12;4,85;8,40;;;;
278;16,95;81,23;3,03;6,33;;;;
279;17,41;77,89;15,01;4,89;;;;
280;16,51;84,5;10,14;7,56;;;;
281;16,36;83,34;14,94;6,02;;;;
282;16,2;85,71;0,56;5,26;;;;
283;16,96;86,61;4,47;6,43;;;;
284;16,59;84,96;1,91;8,20;;;;
285;16,85;78,01;12,37;5,19;;;;
286;16,61;80,69;4,05;7,89;;;;
287;16,08;76,53;11,99;6,17;;;;
288;15,26;71,42;4,82;5,05;;;;
289;15,71;77,54;6,04;7,89;;;;
290;16,87;74,37;22,28;8,38;;;;
291;17,39;81,72;22,41;5,67;;;;
292;18,14;80,52;17,48;5,71;;;;
293;17,26;87,58;14,75;6,06;;;;
294;17,77;83,16;11,22;7,76;;;;
295;17,7;82,22;10,5;4,54;;;;
296;17,11;84,04;5,53;5,40;;;;
297;16,83;85,61;4,81;7,32;;;;
298;17,09;83,6;9,02;6,12;;;;
299;18,16;71,65;19,55;5,82;;;;
300;17,73;81,34;3,14;7,99;;;;
301;16,82;86,04;9,85;8,17;;;;
302;16,25;84,58;0,78;8,29;;;;
303;16,53;80,89;6,37;5,59;;;;
304;16,01;81,42;3,5;8,15;;;;
305;17,51;82,86;13,23;7,45;;;;
306;17,71;81,53;6,89;5,12;;;;
307;17,72;78,71;8,46;6,94;;;;
308;16,84;84,92;2,16;4,61;;;;
309;17,43;81,02;3,1;7,33;;;;
310;17,78;81,12;12,67;7,43;;;;
311;17,24;86,36;10,46;7,66;;;;
312;17,9;82,75;13,31;5,19;;;;
313;16,64;83,72;0,69;7,01;;;;
314;16,88;80,44;7,84;5,22;;;;
315;16,43;85,31;1,73;8,29;;;;
316;17,62;78,98;5,64;7,20;;;;
317;16,84;83,9;4,78;4,88;;;;
318;16,42;84,94;7,62;5,25;;;;
319;15,57;81,82;1,85;7,15;;;;
320;16,83;82,09;7,27;6,41;;;;
321;16,77;87,44;3,79;7,45;;;;
322;16,59;86,19;5,26;5,62;;;;
323;16,75;83,67;3,36;7,13;;;;
324;16,92;85,25;13,35;5,21;;;;
325;17,45;85,79;7,29;6,67;;;;
326;16,4;87,4;0,24;8,33;;;;
327;15,33;92,71;4,01;7,01;;;;
328;15,52;88,49;2,79;4,70;;;;
329;14,74;82,86;10,05;8,46;;;;
330;15,97;84,15;11,58;5,13;;;;
331;16,83;86,68;13,56;7,37;;;;
332;16,47;84,94;10,34;6,63;;;;
333;16;85,72;3,09;5,68;;;;
334;14,99;85,94;3,28;5,21;;;;
335;14,98;86,34;11,52;5,21;;;;
336;16,33;84,87;10,59;7,93;;;;
337;16,95;89,01;8,16;7,99;;;;
338;17,5;84,85;9,1;6,36;;;;
339;17,3;88,21;7,57;4,91;;;;
340;17,59;87,75;15,16;8,04;;;;
341;16,68;88,91;9,5;6,45;;;;
342;16,44;89,67;6,24;6,26;;;;
343;15,87;87,24;6,38;6,13;;;;
344;16,36;87,69;6,59;5,96;;;;
345;15,16;88,86;4,25;6,60;;;;
346;16,16;84,99;6,49;6,92;;;;
347;17,6;86,62;7,78;6,37;;;;
;;;;;;;;
;;;;;;;;
;;;;;;;;
;;;;;;;;
;;;;;;;;
;;;;;;;;
;;;;;;;;
;;;;;;;;
;;;;;;;;
;;;;;;;;
;;;;;;;;
;;;;;;;;
;;;;;;;;
;;;;;;;;
;;;;;;;;
;;;;;;;;
;;;;;;;;
;;;;;;;;
;;;;;;;;
;;;;;;;;
;;;;;;;;
;;;;;;;;
;;;;;;;;
;;;;;;;;
;;;;;;;;
;;;;;;;;
;;;;;;;;
;;;;;;;;
;;;;;;;;
;;;;;;;;
;;;;;;;;
;;;;;;;;
;;;;;;;;
;;;;;;;;
;;;;;;;;
;;;;;;;;
;;;;;;;;
;;;;;;;;
;;;;;;;;
;;;;;;;;
;;;;;;;;
;;;;;;;;
;;;;;;;;
;;;;;;;;
;;;;;;;;
;;;;;;;;
;;;;;;;;
;;;;;;;;
;;;;;;;;
;;;;;;;;
;;;;;;;;
;;;;;;;;
;;;;;;;;
;;;;;;;;
;;;;;;;;
;;;;;;;;
;;;;;;;;
;;;;;;;;
;;;;;;;;
;;;;;;;;
;;;;;;;;
;;;;;;;;
;;;;;;;;
;;;;;;;;
;;;;;;;;
;;;;;;;;
;;;;;;;;
;;;;;;;;
;;;;;;;;
;;;;;;;;
;;;;;;;;
;;;;;;;;
;;;;;;;;
;;;;;;;;
;;;;;;;;
;;;;;;;;
;;;;;;;;
;;;;;;;;
;;;;;;;;
